bibcode	title	author	aff	aff_id	year	pub	volume	page	pubdate	date	bibstem	citation	citation_count	doctype	orcid_user	property	keyword_norm	author_match	orcid_match	author_match	orcid_match	author_match	orcid_match	author_match	orcid_match	author_match	orcid_match	author_match	orcid_match	author_match	orcid_match	author_match	orcid_match	author_match	orcid_match	author_match	orcid_match	author_match	orcid_match	author_match	orcid_match	author_match	orcid_match	author_match	orcid_match	author_match	orcid_match	author_match	orcid_match	author_match	orcid_match	author_match	orcid_match	author_match	orcid_match	author_match	orcid_match	author_match	orcid_match	author_match	orcid_match	author_match	orcid_match	author_match	orcid_match	author_match	orcid_match	author_match	orcid_match	author_match	orcid_match	author_match	orcid_match	author_match	orcid_match	author_match	orcid_match	author_match	orcid_match	author_match	orcid_match	author_match	orcid_match	author_match	orcid_match	author_match	orcid_match	author_match	orcid_match	author_match	orcid_match	author_match	orcid_match	author_match	orcid_match	author_match	orcid_match
2022ApJS..262...13R	['Interstellar Complex Organic Molecules in SiO-traced Massive Outflows']	['Rojas-García, O. S.', 'Gómez-Ruiz, A. I.', 'Palau, A.', 'Orozco-Aguilera, M. T.', 'Dagostino, M. Chavez', 'Kurtz, S. E.']	['Instituto Nacional de Astrofísica, Óptica y Electrónica, Luis E. Erro 1, Tonantzintla, Puebla, C.P. 72840, Mexico', 'Instituto Nacional de Astrofísica, Óptica y Electrónica, Luis E. Erro 1, Tonantzintla, Puebla, C.P. 72840, Mexico', 'Instituto de Radioastronomía y Astrofísica, Universidad Nacional Autónoma de México, Antigua Carretera a Pátzcuaro # 8701, Ex-Hda. San José de la Huerta, Morelia, Michoacán, C.P. 58089, Mexico', 'Instituto Nacional de Astrofísica, Óptica y Electrónica, Luis E. Erro 1, Tonantzintla, Puebla, C.P. 72840, Mexico', 'Instituto Nacional de Astrofísica, Óptica y Electrónica, Luis E. Erro 1, Tonantzintla, Puebla, C.P. 72840, Mexico', 'Instituto de Radioastronomía y Astrofísica, Universidad Nacional Autónoma de México, Antigua Carretera a Pátzcuaro # 8701, Ex-Hda. San José de la Huerta, Morelia, Michoacán, C.P. 58089, Mexico']	['A05081', 'A05081', '-', 'A05081', 'A05081', '-']	2022	The Astrophysical Journal Supplement Series	262	['13']	2022-09-00	2022-09-01T00:00:00Z	['ApJS', 'ApJS..262']		0	article		['ARTICLE', 'EPRINT_OPENACCESS', 'ESOURCE', 'OPENACCESS', 'PUB_OPENACCESS', 'REFEREED']	['-', '-', 'ism molecules', '-', '-', '-', '-']	('Palau, A.', 84)	
2022MNRAS.513.1244G	['Different molecular filament widths as tracers of accretion on to filaments']	['Gómez, Gilberto C.', 'Walsh, Catherine', 'Palau, Aina']	['Instituto de Radioastronomía y Astrofísica, Universidad Nacional Autónoma de México, Antigua Carretera a Pátzcuaro # 8701, Ex-Hda. San José de la Huerta, Morelia, Michoacán, C.P. 58089, México', 'School of Physics and Astronomy, University of Leeds, Leeds LS2 9JT, UK', 'Instituto de Radioastronomía y Astrofísica, Universidad Nacional Autónoma de México, Antigua Carretera a Pátzcuaro # 8701, Ex-Hda. San José de la Huerta, Morelia, Michoacán, C.P. 58089, México']	['-', 'A00756', '-']	2022	Monthly Notices of the Royal Astronomical Society	513	['1244']	2022-06-00	2022-06-01T00:00:00Z	['MNRAS', 'MNRAS.513']		0	article	['0000-0003-4714-0636', '-', '-']	['ARTICLE', 'EPRINT_OPENACCESS', 'ESOURCE', 'OPENACCESS', 'REFEREED']	['astrochemistry', 'ism clouds', 'ism kinematics and dynamics', 'ism molecules', '-']	('Palau, Aina', 100)	('0000-0003-4714-0636', 58)
2022ApJ...926..165L	['ALMA Observations of NGC 6334S. II. Subsonic and Transonic Narrow Filaments in a High-mass Star Formation Cloud']	['Li, Shanghuo', 'Sanhueza, Patricio', 'Lee, Chang Won', 'Zhang, Qizhou', 'Beuther, Henrik', 'Palau, Aina', 'Liu, Hong-Li', 'Smith, Howard A.', 'Liu, Hauyu Baobab', 'Jiménez-Serra, Izaskun', 'Kim, Kee-Tae', 'Feng, Siyi', 'Liu, Tie', 'Wang, Junzhi', 'Li, Di', 'Qiu, Keping', 'Lu, Xing', 'Girart, Josep Miquel', 'Wang, Ke', 'Li, Fei', 'Li, Juan', 'Cao, Yue', 'Kim, Shinyoung', 'Strom, Shaye']	"['Korea Astronomy and Space Science Institute, 776 Daedeokdae-ro, Yuseong-gu, Daejeon 34055, Republic Of Korea', 'National Astronomical Observatory of Japan, National Institutes of Natural Sciences, 2-21-1 Osawa, Mitaka, Tokyo 181-8588, Japan; Department of Astronomical Science, SOKENDAI (The Graduate University for Advanced Studies), 2-21-1 Osawa, Mitaka, Tokyo 181-8588, Japan', 'Korea Astronomy and Space Science Institute, 776 Daedeokdae-ro, Yuseong-gu, Daejeon 34055, Republic Of Korea; University of Science and Technology, 217 Gajeong-ro, Yuseong-gu, Daejeon 34113, Republic Of Korea', 'Center for Astrophysics ∣ Harvard &amp; Smithsonian, 60 Garden Street, Cambridge, MA 02138, USA', 'Max Planck Institute for Astronomy, Konigstuhl 17, D-69117 Heidelberg, Germany', 'Instituto de Radioastronomía y Astrofísica, Universidad Nacional Autónoma de México, P.O. Box 3-72, 58090, Morelia, Michoacán, México', ""Department of Astronomy, Yunnan University, Kunming, 650091, People's Republic of China"", 'Center for Astrophysics ∣ Harvard &amp; Smithsonian, 60 Garden Street, Cambridge, MA 02138, USA', 'Academia Sinica Institute of Astronomy and Astrophysics, 11F of AS/NTU Astronomy-Mathematics Building, No.1, Section 4, Roosevelt Road, Taipei 10617, Taiwan', 'Centro de Astrobiología (CSIC-INTA), Carretera de Ajalvir, Km. 4, Torrejón de Ardoz, E-28850 Madrid, Spain', 'Korea Astronomy and Space Science Institute, 776 Daedeokdae-ro, Yuseong-gu, Daejeon 34055, Republic Of Korea; University of Science and Technology, 217 Gajeong-ro, Yuseong-gu, Daejeon 34113, Republic Of Korea', ""National Astronomical Observatory of Japan, National Institutes of Natural Sciences, 2-21-1 Osawa, Mitaka, Tokyo 181-8588, Japan; Academia Sinica Institute of Astronomy and Astrophysics, 11F of AS/NTU Astronomy-Mathematics Building, No.1, Section 4, Roosevelt Road, Taipei 10617, Taiwan; National Astronomical Observatories, Chinese Academy of Sciences, Beijing 100101, People's Republic of China"", ""Shanghai Astronomical Observatory, Chinese Academy of Sciences, 80 Nandan Road, Shanghai 200030, People's Republic of China"", ""Shanghai Astronomical Observatory, Chinese Academy of Sciences, 80 Nandan Road, Shanghai 200030, People's Republic of China"", ""National Astronomical Observatories, Chinese Academy of Sciences, Beijing 100101, People's Republic of China; NAOC-UKZN Computational Astrophysics Centre, University of KwaZulu-Natal, Durban 4000, South Africa"", ""School of Astronomy and Space Science, Nanjing University, 163 Xianlin Avenue, Nanjing 210023, People's Republic of China"", ""National Astronomical Observatory of Japan, National Institutes of Natural Sciences, 2-21-1 Osawa, Mitaka, Tokyo 181-8588, Japan; Shanghai Astronomical Observatory, Chinese Academy of Sciences, 80 Nandan Road, Shanghai 200030, People's Republic of China"", ""Institut de Ciències de l'Espai (IEEC-CSIC), Campus UAB, Carrer de Can Magrans s/n, E-08193 Cerdanyola del Vallès, Catalonia, Spain"", ""Kavli Institute for Astronomy and Astrophysics, Peking University, 5 Yiheyuan Road, Haidian District, Beijing 100871, People's Republic of China"", ""School of Astronomy and Space Science, Nanjing University, 163 Xianlin Avenue, Nanjing 210023, People's Republic of China"", ""Shanghai Astronomical Observatory, Chinese Academy of Sciences, 80 Nandan Road, Shanghai 200030, People's Republic of China"", ""Center for Astrophysics ∣ Harvard &amp; Smithsonian, 60 Garden Street, Cambridge, MA 02138, USA; School of Astronomy and Space Science, Nanjing University, 163 Xianlin Avenue, Nanjing 210023, People's Republic of China"", 'Korea Astronomy and Space Science Institute, 776 Daedeokdae-ro, Yuseong-gu, Daejeon 34055, Republic Of Korea; University of Science and Technology, 217 Gajeong-ro, Yuseong-gu, Daejeon 34113, Republic Of Korea', 'Center for Astrophysics ∣ Harvard &amp; Smithsonian, 60 Garden Street, Cambridge, MA 02138, USA']"	['A05168', 'A03857; A11578', 'A05168; A05660', 'A01400', 'A01570', 'A01194', 'A01960', 'A01400', 'A03629', 'A04639', 'A05168; A05660', 'A03857; A03629; A04819', 'A04828', 'A04828', 'A04819; A11689', 'A11568', 'A03857; A04828', 'A02390', 'A11565', 'A11568', 'A04828', 'A01400; A11568', 'A05168; A05660', 'A01400']	2022	The Astrophysical Journal	926	['165']	2022-02-00	2022-02-01T00:00:00Z	['ApJ', 'ApJ...926']	['2022ApJ...936...80S', '2022ApJ...936..169R', '2022MNRAS.512.1407P', '2022MNRAS.514.6038Z', '2022MNRAS.516.1983S', '2022arXiv220309562H', '2022arXiv220801675R', '2022arXiv220801894J', '2022arXiv220914943K']	9	article		['ARTICLE', 'DATA', 'EPRINT_OPENACCESS', 'ESOURCE', 'OPENACCESS', 'PUB_OPENACCESS', 'REFEREED']	['-', '-', '-', '-', '-', '-', '-', '-', '-']	('Palau, Aina', 100)	
2021ApJ...923..128M	['The Characterization of the Dust Content in the Ring Around Sz 91: Indications of Planetesimal Formation?']	['Maucó, Karina', 'Carrasco-González, Carlos', 'Schreiber, Matthias R.', 'Sierra, Anibal', 'Olofsson, Johan', 'Bayo, Amelia', 'Caceres, Claudio', 'Canovas, Hector', 'Palau, Aina']	['Instituto de Física y Astronomía, Facultad de Ciencias, Universidad de Valparaíso, Av. Gran Bretaña 1111, 5030 Casilla, Valparaíso, Chile; Núcleo Milenio de Formación Planetaria-NPF, Universidad de Valparaíso, Av. Gran Bretaña 1111, Valparaíso, Chile', 'Instituto de Radioastronomía y Astrofísica-IRyA, Universidad Nacional Autónoma de México, UNAM, campus Morelia, Antigua carretera a Pátzcuaro N°. 8701. Col. Ex Hacienda San José de la Huerta, Morelia, Michoacán, C.P. 58089, México', 'Núcleo Milenio de Formación Planetaria-NPF, Universidad de Valparaíso, Av. Gran Bretaña 1111, Valparaíso, Chile; Universidad Técnica Federico Santa María, UTFSM, Avda. España 1680, Valparaíso, Chile', 'Universidad de Chile, Departamento de Astronomía, Camino El Observatorio 1515, Las Condes, Santiago, Chile', 'Instituto de Física y Astronomía, Facultad de Ciencias, Universidad de Valparaíso, Av. Gran Bretaña 1111, 5030 Casilla, Valparaíso, Chile; Núcleo Milenio de Formación Planetaria-NPF, Universidad de Valparaíso, Av. Gran Bretaña 1111, Valparaíso, Chile', 'Instituto de Física y Astronomía, Facultad de Ciencias, Universidad de Valparaíso, Av. Gran Bretaña 1111, 5030 Casilla, Valparaíso, Chile; Núcleo Milenio de Formación Planetaria-NPF, Universidad de Valparaíso, Av. Gran Bretaña 1111, Valparaíso, Chile', 'Departamento de Ciencias Fisicas, Facultad de Ciencias Exactas, Universidad Andres Bello, Av. Fernandez Concha 700, Las Condes, Santiago, Chile; Núcleo Milenio Formación Planetaria-NPF, Universidad de Valparaíso, Av. Gran Bretaña 1111, Valparaíso, Chile', 'Telespazio UK for the European Space Agency (ESA), European Space Astronomy Centre (ESAC), Camino Bajo del Castillo s/n, E-28692 Villanueva de la Cañada, Madrid, Spain', 'Instituto de Radioastronomía y Astrofísica-IRyA, Universidad Nacional Autónoma de México, UNAM, campus Morelia, Antigua carretera a Pátzcuaro N°. 8701. Col. Ex Hacienda San José de la Huerta, Morelia, Michoacán, C.P. 58089, México']	['A11713; A03135', 'A01194', 'A03135; -', 'A02231', 'A11713; A03135', 'A11713; A03135', 'A03138; A11713', '-', 'A01194']	2021	The Astrophysical Journal	923	['128']	2021-12-00	2021-12-01T00:00:00Z	['ApJ', 'ApJ...923']	['2022ApJ...932..114L', '2022arXiv220502334H', '2022arXiv220808451S']	3	article	['-', '-', '-', '-', '0000-0003-4475-3605', '-', '-', '-', '-']	['ARTICLE', 'DATA', 'EPRINT_OPENACCESS', 'ESOURCE', 'OPENACCESS', 'REFEREED']	['-', '-', '-', '-', '-', '-', '-', '-', '-']	('Palau, Aina', 100)	('0000-0003-4475-3605', 63)
2021ApJ...914L..24L	"['Erratum ""A Low-mass Cold and Quiescent Core Population in a Massive Star Protocluster"" (2021, ApJL, 912, L7)']"	['Li, Shanghuo', 'Lu, Xing', 'Zhang, Qizhou', 'Lee, Chang-Won', 'Sanhueza, Patricio', 'Beuther, Henrik', 'Jiménez-Serra, Izaskun', 'Qiu, Keping', 'Palau, Aina', 'Feng, Siyi', 'Pillai, Thushara', 'Kim, Kee-Tae', 'Liu, Hong-Li', 'Girart, Josep Miquel.', 'Liu, Tie', 'Wang, Junzhi', 'Wang, Ke', 'Liu, Hauyu Baobab', 'Smith, Howard A.', 'Li, Di', 'Lee, Jeong-Eun', 'Li, Fei', 'Li, Juan', 'Kim, Shinyoung', 'Yue, Nannan', 'Strom, Shaye']	"[""Korea Astronomy and Space Science Institute, 776 Daedeokdae-ro, Yuseong-gu, Daejeon 34055, Republic of Korea; Shanghai Astronomical Observatory, Chinese Academy of Sciences, 80 Nandan Road, Shanghai 200030, People's Republic of China; Center for Astrophysics ∣ Harvard &amp; Smithsonian, 60 Garden Street, Cambridge, MA 02138, USA; University of Chinese Academy of Sciences, 19A Yuquanlu, Beijing 100049, People's Republic of China"", 'National Astronomical Observatory of Japan, National Institutes of Natural Sciences, 2-21-1 Osawa, Mitaka, Tokyo 181-8588, Japan', 'Center for Astrophysics ∣ Harvard &amp; Smithsonian, 60 Garden Street, Cambridge, MA 02138, USA', 'Korea Astronomy and Space Science Institute, 776 Daedeokdae-ro, Yuseong-gu, Daejeon 34055, Republic of Korea; University of Science and Technology, 217 Gajeong-ro, Yuseong-gu, Daejeon 34113, Republic of Korea', 'National Astronomical Observatory of Japan, National Institutes of Natural Sciences, 2-21-1 Osawa, Mitaka, Tokyo 181-8588, Japan; Department of Astronomical Science, SOKENDAI (The Graduate University for Advanced Studies), 2-21-1 Osawa, Mitaka, Tokyo 181-8588, Japan', 'Max Planck Institute for Astronomy, Konigstuhl 17, D-69117 Heidelberg, Germany', 'Centro de Astrobiología (CSIC-INTA), Ctra. de Torrejón a Ajalvir, Km. 4, Torrejón de Ardoz, E-28850 Madrid, Spain', ""School of Astronomy and Space Science, Nanjing University, 163 Xianlin Avenue, Nanjing 210023, People's Republic of China"", 'Instituto de Radioastronomía y Astrofísica, Universidad Nacional Autónoma de México, P.O. Box 3-72, 58090, Morelia, Michoacán, México', ""National Astronomical Observatories, Chinese Academy of Sciences, Beijing 100101, People's Republic of China; Academia Sinica Institute of Astronomy and Astrophysics, No. 1, Section 4, Roosevelt Road, Taipei 10617, Taiwan, Republic of China; National Astronomical Observatory of Japan, 2-21-1 Osawa, Mitaka, Tokyo, 181-8588, Japan"", 'Institute for Astrophysical Research, Boston University, 725 Commonwealth Avenue, Boston, MA 02215, USA', 'Korea Astronomy and Space Science Institute, 776 Daedeokdae-ro, Yuseong-gu, Daejeon 34055, Republic of Korea; University of Science and Technology, 217 Gajeong-ro, Yuseong-gu, Daejeon 34113, Republic of Korea', ""Department of Astronomy, Yunnan University, Kunming, 650091, People's Republic of China"", ""Institut de Ciències de l'Espai (IEEC-CSIC), Campus UAB, Carrer de Can Magrans s/n, E-08193 Cerdanyola del Vallès, Catalonia, Spain"", ""Shanghai Astronomical Observatory, Chinese Academy of Sciences, 80 Nandan Road, Shanghai 200030, People's Republic of China"", ""Shanghai Astronomical Observatory, Chinese Academy of Sciences, 80 Nandan Road, Shanghai 200030, People's Republic of China"", ""Kavli Institute for Astronomy and Astrophysics, Peking University, 5 Yiheyuan Road, Haidian District, Beijing 100871, People's Republic of China"", 'Academia Sinica Institute of Astronomy and Astrophysics, 11F of AS/NTU Astronomy-Mathematics Building, No.1, Sec. 4, Roosevelt Rd, Taipei 10617, Taiwan, Republic of China', 'Center for Astrophysics ∣ Harvard &amp; Smithsonian, 60 Garden Street, Cambridge, MA 02138, USA', ""National Astronomical Observatories, Chinese Academy of Sciences, Beijing 100101, People's Republic of China; NAOC-UKZN Computational Astrophysics Centre, University of KwaZulu-Natal, Durban 4000, South Africa"", 'School of Space Research, Kyung Hee University, 1732, Deogyeong-Daero, Giheung-gu, Yongin-shi, Gyunggi-do 17104, Republic of Korea', ""School of Astronomy and Space Science, Nanjing University, 163 Xianlin Avenue, Nanjing 210023, People's Republic of China"", ""Shanghai Astronomical Observatory, Chinese Academy of Sciences, 80 Nandan Road, Shanghai 200030, People's Republic of China"", 'Korea Astronomy and Space Science Institute, 776 Daedeokdae-ro, Yuseong-gu, Daejeon 34055, Republic of Korea; University of Science and Technology, 217 Gajeong-ro, Yuseong-gu, Daejeon 34113, Republic of Korea', ""Kavli Institute for Astronomy and Astrophysics, Peking University, 5 Yiheyuan Road, Haidian District, Beijing 100871, People's Republic of China"", 'Center for Astrophysics ∣ Harvard &amp; Smithsonian, 60 Garden Street, Cambridge, MA 02138, USA']"	['A05168; A04828; A01400; A04831', 'A03857', 'A01400', 'A05168; A05660', 'A03857; A11578', 'A01570', 'A04639', 'A11568', 'A01194', 'A04819; A03629; A03857', 'A00224', 'A05168; A05660', 'A01960', 'A02390', 'A04828', 'A04828', 'A11565', 'A03629', 'A01400', 'A04819; A11689', 'A11556', 'A11568', 'A04828', 'A05168; A05660', 'A11565', 'A01400']	2021	The Astrophysical Journal	914	['L24']	2021-06-00	2021-06-01T00:00:00Z	['ApJL', 'ApJL..914']		0	erratum	['-', '-', '0000-0003-2384-6589', '-', '-', '-', '-', '-', '-', '-', '-', '-', '-', '-', '-', '-', '-', '-', '-', '0000-0003-3010-7661', '-', '-', '-', '-', '-', '-']	['ARTICLE', 'ESOURCE', 'OPENACCESS', 'PUB_OPENACCESS', 'REFEREED']		('Palau, Aina', 100)	('0000-0003-2384-6589', 75)
2021ApJ...912..159P	['Does the Magnetic Field Suppress Fragmentation in Massive Dense Cores?']	['Palau, Aina', 'Zhang, Qizhou', 'Girart, Josep M.', 'Liu, Junhao', 'Rao, Ramprasad', 'Koch, Patrick M.', 'Estalella, Robert', 'Chen, Huei-Ru Vivien', 'Liu, Hauyu Baobab', 'Qiu, Keping', 'Li, Zhi-Yun', 'Zapata, Luis A.', 'Bontemps, Sylvain', 'Ho, Paul T. P.', 'Beuther, Henrik', 'Ching, Tao-Chung', 'Shinnaga, Hiroko', 'Ahmadi, Aida']	"['Instituto de Radioastronomía y Astrofísica, Universidad Nacional Autónoma de México, P.O. Box 3-72, 58090, Morelia, Michoacán, Mexico', 'Center for Astrophysics ∣ Harvard &amp; Smithsonian, 60 Garden Street, Cambridge, MA 02138, USA', ""Institut de Ciències de l'Espai (CSIC-IEEC), Campus UAB, Carrer de Can Magrans S/N, E-08193 Cerdanyola del Vallès, Catalonia, Spain; Institut d'Estudis Espacials de Catalunya, E-08030 Barcelona, Catalonia, Spain"", ""Center for Astrophysics ∣ Harvard &amp; Smithsonian, 60 Garden Street, Cambridge, MA 02138, USA; School of Astronomy and Space Science, Nanjing University, 163 Xianlin Avenue, Nanjing 210023, People's Republic of China; Key Laboratory of Modern Astronomy and Astrophysics (Nanjing University), Ministry of Education, Nanjing 210023, People's Republic of China"", 'Center for Astrophysics ∣ Harvard &amp; Smithsonian, 60 Garden Street, Cambridge, MA 02138, USA', 'Institute of Astronomy and Astrophysics, Academia Sinica, No.1, Sec. 4, Roosevelt Road, Taipei 10617, Taiwan', 'Departament de Física Quántica i Astrofísica, Institut de Ciències del Cosmos, Universitat de Barcelona, (IEEC-UB) Martí i Franquès, 1, E-08028 Barcelona, Spain', 'Institute of Astronomy and Department of Physics, National Tsing Hua University, Hsinchu 30013, Taiwan', 'Institute of Astronomy and Astrophysics, Academia Sinica, No.1, Sec. 4, Roosevelt Road, Taipei 10617, Taiwan', ""School of Astronomy and Space Science, Nanjing University, 163 Xianlin Avenue, Nanjing 210023, People's Republic of China; Key Laboratory of Modern Astronomy and Astrophysics (Nanjing University), Ministry of Education, Nanjing 210023, People's Republic of China"", 'Astronomy Department, University of Virginia, Charlottesville, VA 22904, USA', 'Instituto de Radioastronomía y Astrofísica, Universidad Nacional Autónoma de México, P.O. Box 3-72, 58090, Morelia, Michoacán, Mexico', ""Université de Bordeaux, Laboratoire d'Astrophysique de Bordeaux, CNRS/INSU, UMR 5804, BP 89, F-33271 Floirac Cedex, France"", 'Institute of Astronomy and Astrophysics, Academia Sinica, No.1, Sec. 4, Roosevelt Road, Taipei 10617, Taiwan', 'Max Planck Institute for Astronomy, Königstuhl 17, D-69117 Heidelberg, Germany', 'Institute of Astronomy and Astrophysics, Academia Sinica, No.1, Sec. 4, Roosevelt Road, Taipei 10617, Taiwan', 'Department of Physics and Astronomy, Graduate School of Science and Engineering, Kagoshima University, Amanogawa Galaxy Astronomy Research Center, 1-21-35 Korimoto, Kagoshima 890-0065, Japan', 'Leiden Observatory, Leiden University, P.O. Box 9513, 2300 RA Leiden, The Netherlands']"	['A01194', 'A01400', 'A02390; A02390', 'A01400; A11568; A11568', 'A01400', 'A03629', 'A02348', 'A11530', 'A03629', 'A11568; A11568', 'A11050', 'A01194', 'A02963', 'A03629', 'A01570', 'A03629', 'A11641', 'A11239']	2021	The Astrophysical Journal	912	['159']	2021-05-00	2021-05-01T00:00:00Z	['ApJ', 'ApJ...912']	['2020A&A...644A..52A', '2021A&A...648A..66G', '2021ApJ...913...29F', '2021MNRAS.502.4963G', '2021MNRAS.508.2964A', '2022A&A...657A...3G', '2022A&A...657A..30T', '2022A&A...658A.102O', '2022ApJ...925...30L', '2022ApJ...931..115W', '2022FrASS...9.3556L', '2022MNRAS.510.5009L', '2022MNRAS.513.1244G', '2022arXiv220311179P', '2022arXiv220901251M']	15	article	['-', '0000-0003-2384-6589', '-', '-', '-', '-', '-', '0000-0002-9774-1846', '-', '-', '-', '0000-0003-2343-7937', '-', '0000-0002-3412-4306', '-', '-', '-', '-']	['ARTICLE', 'DATA', 'EPRINT_OPENACCESS', 'ESOURCE', 'OPENACCESS', 'PUB_OPENACCESS', 'REFEREED']	['-', 'stars fundamental parameters', 'ism magnetic fields', '-', '-', '-', '-', '-']	('Palau, Aina', 100)	('0000-0003-2384-6589', 75)
2021ApJ...912L...7L	['A Low-mass Cold and Quiescent Core Population in a Massive Star Protocluster']	['Li, Shanghuo', 'Lu, Xing', 'Zhang, Qizhou', 'Lee, Chang Won', 'Sanhueza, Patricio', 'Beuther, Henrik', 'Jiménez-Serra, Izaskun,', 'Qiu, Keping', 'Palau, Aina', 'Feng, Siyi', 'Pillai, Thushara', 'Kim, Kee-Tae', 'Liu, Hong-Li', 'Girart, Josep Miquel.', 'Liu, Tie', 'Wang, Junzhi', 'Wang, Ke', 'Liu, Hauyu Baobab', 'Smith, Howard A.', 'Li, Di', 'Lee, Jeong-Eun', 'Li, Fei', 'Li, Juan', 'Kim, Shinyoung', 'Yue, Nannan', 'Strom, Shaye']	"[""Korea Astronomy and Space Science Institute, 776 Daedeokdae-ro, Yuseong-gu, Daejeon 34055, Republic of Korea; Shanghai Astronomical Observatory, Chinese Academy of Sciences, 80 Nandan Road, Shanghai 200030, People's Republic of China; Center for Astrophysics∣Harvard &amp; Smithsonian, 60 Garden Street, Cambridge, MA 02138, USA; University of Chinese Academy of Sciences, 19A Yuquanlu, Beijing 100049, People's Republic of China"", 'National Astronomical Observatory of Japan, National Institutes of Natural Sciences, 2-21-1 Osawa, Mitaka, Tokyo 181-8588, Japan', 'Center for Astrophysics∣Harvard &amp; Smithsonian, 60 Garden Street, Cambridge, MA 02138, USA', 'Korea Astronomy and Space Science Institute, 776 Daedeokdae-ro, Yuseong-gu, Daejeon 34055, Republic of Korea; University of Science and Technology, 217 Gajeong-ro, Yuseong-gu, Daejeon 34113, Republic of Korea', 'National Astronomical Observatory of Japan, National Institutes of Natural Sciences, 2-21-1 Osawa, Mitaka, Tokyo 181-8588, Japan; Department of Astronomical Science, SOKENDAI (The Graduate University for Advanced Studies), 2-21-1 Osawa, Mitaka, Tokyo 181-8588, Japan', 'Max Planck Institute for Astronomy, Konigstuhl 17, D-69117 Heidelberg, Germany', 'Centro de Astrobiología (CSIC-INTA), Ctra. de Torrejón a Ajalvir, Km. 4, Torrejón de Ardoz, E-28850 Madrid, Spain', ""School of Astronomy and Space Science, Nanjing University, 163 Xianlin Avenue, Nanjing 210023, People's Republic of China"", 'Instituto de Radioastronomía y Astrofísica, Universidad Nacional Autónoma de México, P.O. Box 3-72, 58090, Morelia, Michoacán, México', ""National Astronomical Observatories, Chinese Academy of Sciences, Beijing 100101, People's Republic of China; Academia Sinica Institute of Astronomy and Astrophysics, No. 1, Sec. 4, Roosevelt Road, Taipei 10617, Taiwan; National Astronomical Observatory of Japan, 2-21-1 Osawa, Mitaka, Tokyo, 181-8588, Japan"", 'Institute for Astrophysical Research, Boston University, 725 Commonwealth Avenue, Boston, MA 02215, USA', 'Korea Astronomy and Space Science Institute, 776 Daedeokdae-ro, Yuseong-gu, Daejeon 34055, Republic of Korea; University of Science and Technology, 217 Gajeong-ro, Yuseong-gu, Daejeon 34113, Republic of Korea', ""Department of Astronomy, Yunnan University, Kunming, 650091, People's Republic of China"", ""Institut de Ciències de l'Espai (IEEC-CSIC), Campus UAB, Carrer de Can Magrans s/n, E-08193 Cerdanyola del Vallès, Catalonia, Spain"", ""Shanghai Astronomical Observatory, Chinese Academy of Sciences, 80 Nandan Road, Shanghai 200030, People's Republic of China"", ""Shanghai Astronomical Observatory, Chinese Academy of Sciences, 80 Nandan Road, Shanghai 200030, People's Republic of China"", ""Kavli Institute for Astronomy and Astrophysics, Peking University, 5 Yiheyuan Road, Haidian District, Beijing 100871, People's Republic of China"", 'Academia Sinica Institute of Astronomy and Astrophysics, 11F of AS/NTU Astronomy-Mathematics Building, No.1, Sec. 4, Roosevelt Road, Taipei 10617, Taiwan', 'Center for Astrophysics∣Harvard &amp; Smithsonian, 60 Garden Street, Cambridge, MA 02138, USA', ""National Astronomical Observatories, Chinese Academy of Sciences, Beijing 100101, People's Republic of China; NAOC-UKZN Computational Astrophysics Centre, University of KwaZulu-Natal, Durban 4000, South Africa"", 'School of Space Research, Kyung Hee University, 1732, Deogyeong-Daero, Giheung-gu, Yongin-shi, Gyunggi-do 17104, Republic of Korea', ""School of Astronomy and Space Science, Nanjing University, 163 Xianlin Avenue, Nanjing 210023, People's Republic of China"", ""Shanghai Astronomical Observatory, Chinese Academy of Sciences, 80 Nandan Road, Shanghai 200030, People's Republic of China"", 'Korea Astronomy and Space Science Institute, 776 Daedeokdae-ro, Yuseong-gu, Daejeon 34055, Republic of Korea; University of Science and Technology, 217 Gajeong-ro, Yuseong-gu, Daejeon 34113, Republic of Korea', ""Kavli Institute for Astronomy and Astrophysics, Peking University, 5 Yiheyuan Road, Haidian District, Beijing 100871, People's Republic of China"", 'Center for Astrophysics∣Harvard &amp; Smithsonian, 60 Garden Street, Cambridge, MA 02138, USA']"	['A05168; A04828; A01400; A04831', 'A03857', 'A01400', 'A05168; A05660', 'A03857; A11578', 'A01570', 'A04639', 'A11568', 'A01194', 'A04819; A03629; A03857', 'A00224', 'A05168; A05660', 'A01960', 'A02390', 'A04828', 'A04828', 'A11565', 'A03629', 'A01400', 'A04819; A11689', 'A11556', 'A11568', 'A04828', 'A05168; A05660', 'A11565', 'A01400']	2021	The Astrophysical Journal	912	['L7']	2021-05-00	2021-05-01T00:00:00Z	['ApJL', 'ApJL..912']	['2021ApJ...923..147M', '2022A&A...658A.102O', '2022ApJ...925..144S', '2022ApJ...926..165L', '2022ApJ...931...33T', '2022arXiv220912814L', '2022arXiv220914943K']	7	article	['-', '-', '0000-0003-2384-6589', '-', '-', '-', '-', '-', '-', '-', '-', '-', '-', '-', '-', '-', '-', '-', '-', '0000-0003-3010-7661', '-', '-', '-', '-', '-', '-']	['ARTICLE', 'ASSOCIATED', 'DATA', 'EPRINT_OPENACCESS', 'ESOURCE', 'OPENACCESS', 'PUB_OPENACCESS', 'REFEREED']	['astronomy infrared', 'stars early type', '-', 'stars fundamental parameters', 'ism general', '-', '-', '-', '-', '-', '-', '-', '-', '-', '-']	('Palau, Aina', 100)	('0000-0003-2384-6589', 75)
2021MNRAS.502.4963G	['Density profile evolution during prestellar core collapse: collapse starts at the large scale']	['Gómez, Gilberto C.', 'Vázquez-Semadeni, Enrique', 'Palau, Aina']	['Instituto de Radioastronomía y Astrofísica, Universidad Nacional Autónoma de México, Apdo. postal 3-72, Morelia Mich. 58089, México', 'Instituto de Radioastronomía y Astrofísica, Universidad Nacional Autónoma de México, Apdo. postal 3-72, Morelia Mich. 58089, México', 'Instituto de Radioastronomía y Astrofísica, Universidad Nacional Autónoma de México, Apdo. postal 3-72, Morelia Mich. 58089, México']	['A01194', 'A01194', 'A01194']	2021	Monthly Notices of the Royal Astronomical Society	502	['4963']	2021-04-00	2021-04-01T00:00:00Z	['MNRAS', 'MNRAS.502']	['2020arXiv201212819N', '2021A&A...654A..34B', '2021ApJ...912..159P', '2021ApJ...912L...7L', '2022A&A...657A...3G', '2022A&A...657A..70P', '2022A&A...658A.128L', '2022ApJ...926..165L', '2022MNRAS.512.4715N', '2022MNRAS.514.6038Z', '2022MNRAS.514L..16L', '2022MNRAS.tmp.2468D', '2022arXiv220503935P']	13	article	['0000-0003-4714-0636', '-', '-']	['ARTICLE', 'DATA', 'EPRINT_OPENACCESS', 'ESOURCE', 'OPENACCESS', 'REFEREED']	['stars fundamental parameters', 'ism clouds', 'ism evolution', '-']	('Palau, Aina', 100)	('0000-0003-4714-0636', 58)
2021A&A...646A..10S	['ALMA observations of the early stages of substellar formation in the Lupus 1 and 3 molecular clouds']	['Santamaría-Miranda, A.', 'de Gregorio-Monsalvo, I.', 'Plunkett, A. L.', 'Huélamo, N.', 'López, C.', 'Ribas, Á.', 'Schreiber, M. R.', 'Mužić, K.', 'Palau, A.', 'Knee, L. B. G.', 'Bayo, A.', 'Comerón, F.', 'Hales, A.']	['European Southern Observatory, Av. Alonso de Córdova 3107, Casilla, 19001, Santiago, Chile ; Instituto de Física y Astronomía, Universidad de Valparaíso, Av. Gran Bretaña 1111, Casilla, 5030, Valparaíso, Chile; Núcleo Milenio Formación Planetaria - NPF, Valparaíso, Chile', 'European Southern Observatory, Av. Alonso de Córdova 3107, Casilla, 19001, Santiago, Chile', 'National Radio Astronomy Observatory, 520 Edgemont Rd., Charlottesville, VA, 22903, USA', 'Dpto. Astrofísica, Centro de Astrobiología (INTA-CSIC), ESAC Campus, Camino Bajo del Castillo s/n, Urb. Villafranca del Castillo, 28692, Villanueva de la Cañada, Spain', 'Joint ALMA Observatory, Av. Alonso de Córdova 3107, Casilla, 19001, Santiago, Chile', 'European Southern Observatory, Av. Alonso de Córdova 3107, Casilla, 19001, Santiago, Chile', 'Departamento de Física, Universidad Técnica Federico Santa María, Av. España 1680, Valparaíso, Chile; Núcleo Milenio Formación Planetaria - NPF, Valparaíso, Chile', 'CENTRA, Faculdade de Ciências, Universidade de Lisboa, Ed. C8, Campo Grande, 1749-016, Lisboa, Portugal', 'Instituto de Radioastronomía y Astrofísica, Universidad Nacional Autónoma de México, PO Box 3-72, 58090, Morelia, Michoacán, Mexico', 'Herzberg Astronomy and Astrophysics Research Centre, 5071 West Saanich Rd., Victoria, BC, V9E 2E7, Canada', 'Instituto de Física y Astronomía, Universidad de Valparaíso, Av. Gran Bretaña 1111, Casilla, 5030, Valparaíso, Chile; Núcleo Milenio Formación Planetaria - NPF, Valparaíso, Chile', 'European Southern Observatory, Karl-Schwarzschild-Strasse 2, 85748, Garching bei München, Germany', 'Joint ALMA Observatory, Av. Alonso de Córdova 3107, Casilla, 19001, Santiago, Chile']	['A03998; A11713; A06172', 'A03998', 'A03672', 'A04639', '-', 'A03998', 'A03139; A06172', 'A11278', 'A01194', '-', 'A11713; A06172', 'A03997', '-']	2021	Astronomy and Astrophysics	646	['A10']	2021-02-00	2021-02-01T00:00:00Z	['A&A', 'A&A...646']		0	article		['ARTICLE', 'DATA', 'EPRINT_OPENACCESS', 'ESOURCE', 'OPENACCESS', 'PUB_OPENACCESS', 'REFEREED']	['stars brown dwarfs', 'stars fundamental parameters', 'techniques interferometric', 'astronomy submillimeter', '-', '-']	('Palau, A.', 84)	
2020A&A...644A.128S	['VLA ammonia observations of L1287. Analysis of the Guitar core and two filaments']	['Sepúlveda, Inma', 'Estalella, Robert', 'Anglada, Guillem', 'López, Rosario', 'Riera, Angels', 'Busquet, Gemma', 'Palau, Aina', 'Torrelles, José M.', 'Rodríguez, Luis F.']	"['Departament de Física Quàntica i Astrofísica, Institut de Ciències del Cosmos, Universitat de Barcelona, (IEEC-UB) Martí i Franquès, 1, 08028, Barcelona, Spain', 'Departament de Física Quàntica i Astrofísica, Institut de Ciències del Cosmos, Universitat de Barcelona, (IEEC-UB) Martí i Franquès, 1, 08028, Barcelona, Spain', 'Instituto de Astrofísica de Andalucía, CSIC, Glorieta de la Astronomía, s/n, 18008, Granada, Spain', 'Departament de Física Quàntica i Astrofísica, Institut de Ciències del Cosmos, Universitat de Barcelona, (IEEC-UB) Martí i Franquès, 1, 08028, Barcelona, Spain', 'Departament de Física i Enginyeria Nuclear, Universitat Politècnica de Catalunya, Av. Eduard Maristany 16, 08019, Barcelona, Catalunya, Spain', ""Institut de Ciències de l'Espai (ICE, CSIC), Campus UAB, Carrer de Can Magrans, s/n, 08193, Cerdanyola del Vallès, Catalunya, Spain; Institut d'Estudis Espacials de Catalunya (IEEC), 08034, Barcelona, Catalunya, Spain"", 'Instituto de Radioastronomía y Astrofísica, Universidad Nacional Autónoma de México, PO Box 3-72, 58090, Morelia, Michoacán, Mexico', ""Institut de Ciències de l'Espai (ICE, CSIC), Campus UAB, Carrer de Can Magrans, s/n, 08193, Cerdanyola del Vallès, Catalunya, Spain; Institut d'Estudis Espacials de Catalunya (IEEC), 08034, Barcelona, Catalunya, Spain"", 'Instituto de Radioastronomía y Astrofísica, Universidad Nacional Autónoma de México, PO Box 3-72, 58090, Morelia, Michoacán, Mexico']"	['A02348', 'A02348', 'A02307', 'A02348', 'A11328', '-; A02390', 'A01194', '-; A02390', 'A01194']	2020	Astronomy and Astrophysics	644	['A128']	2020-12-00	2020-12-01T00:00:00Z	['A&A', 'A&A...644']	['2022ApJ...926..165L', '2022MNRAS.513.1244G', '2022arXiv221000524K']	3	article		['ARTICLE', 'DATA', 'EPRINT_OPENACCESS', 'ESOURCE', 'OPENACCESS', 'PUB_OPENACCESS', 'REFEREED']	['ism general', 'ism general', 'stars fundamental parameters', '-']	('Palau, Aina', 100)	
2020ApJ...903...46C	['Simultaneous Evolution of the Virial Parameter and Star Formation Rate in Molecular Clumps Undergoing Global Hierarchical Collapse']	['Camacho, Vianey', 'Vázquez-Semadeni, Enrique', 'Palau, Aina', 'Busquet, Gemma', 'Zamora-Avilés, Manuel']	"['Instituto de Radioastronomía y Astrofísica, UNAM, Apartado Postal 3-72, 58089 Morelia Michoacán, México', 'Instituto de Radioastronomía y Astrofísica, UNAM, Apartado Postal 3-72, 58089 Morelia Michoacán, México', 'Instituto de Radioastronomía y Astrofísica, UNAM, Apartado Postal 3-72, 58089 Morelia Michoacán, México', ""Institut de Ciències de l'Espai (ICE, CSIC), Can Magrans, s/n, E-08193 Cerdanyola del Vallès, Catalonia, Spain; Institut d'Estudis Espacials de Catalunya (IEEC), E-08034 Barcelona, Catalonia, Spain"", 'CONACYT-Instituto Nacional de Astrofísica, Óptica y Electrónica, Luis E. Erro 1, 72840 Tonantzintla, Puebla, México']"	['A01194', 'A01194', 'A01194', 'A02390; A02348', 'A05081']	2020	The Astrophysical Journal	903	['46']	2020-11-00	2020-11-01T00:00:00Z	['ApJ', 'ApJ...903']	['2020MNRAS.499.4432W', '2020arXiv201212819N', '2021ApJS..257...39C', '2022A&A...658A.128L', '2022ApJ...925...78A', '2022MNRAS.512.4715N', '2022MNRAS.516.4212S']	7	article		['ARTICLE', 'DATA', 'EPRINT_OPENACCESS', 'ESOURCE', 'OPENACCESS', 'PUB_OPENACCESS', 'REFEREED']	['ism general', 'astrochemistry', '-', '-', '-', '-', '-', '-', '-']	('Palau, Aina', 100)	
2020MNRAS.498.4721O	['Multiwavelength modelling of the circumstellar environment of the massive protostar AFGL 2591 VLA 3']	['Olguin, F. A.', 'Hoare, M. G.', 'Johnston, K. G.', 'Motte, F.', 'Chen, H. -R. V.', 'Beuther, H.', 'Mottram, J. C.', 'Ahmadi, A.', 'Gieser, C.', 'Semenov, D.', 'Peters, T.', 'Palau, A.', 'Klaassen, P. D.', 'Kuiper, R.', 'Sánchez-Monge, Á.', 'Henning, Th']	"['Institute of Astronomy and Department of Physics, National Tsing Hua University, Hsinchu 30013, Taiwan; School of Physics &amp; Astronomy, E.C. Stoner Building, University of Leeds, Leeds LS2 9JT, UK', 'School of Physics &amp; Astronomy, E.C. Stoner Building, University of Leeds, Leeds LS2 9JT, UK', 'School of Physics &amp; Astronomy, E.C. Stoner Building, University of Leeds, Leeds LS2 9JT, UK', ""Institut de Planétologie et d'Astrophysique de Grenoble, Univ. Grenoble Alpes - CNRS-INSU, BP 53, F-38041 Grenoble Cedex 9, France; AIM Paris-Saclay, CEA/IRFU - CNRS/INSU - Univ. Paris Diderot, Service d'Astrophysique, CEA-Saclay, F-91191 Gif-sur-Yvette Cedex, France"", 'Institute of Astronomy and Department of Physics, National Tsing Hua University, Hsinchu 30013, Taiwan', 'Max Planck Institute for Astronomy, Königstuhl 17, D-69117 Heidelberg, Germany', 'Max Planck Institute for Astronomy, Königstuhl 17, D-69117 Heidelberg, Germany', 'Max Planck Institute for Astronomy, Königstuhl 17, D-69117 Heidelberg, Germany', 'Max Planck Institute for Astronomy, Königstuhl 17, D-69117 Heidelberg, Germany', 'Max Planck Institute for Astronomy, Königstuhl 17, D-69117 Heidelberg, Germany; Department of Chemistry, Ludwig Maximilian University, Butenandtstr. 5-13, D-81377 Munich, Germany', 'Max-Planck-Institut für Astrophysik, Karl-Schwarzschild-Str. 1, D-85748 Garching, Germany', 'Instituto de Radioastronomía y Astrofísica, Universidad Nacional Autónoma de México, 58090 Morelia, México', 'UK Astronomy Technology Centre, Royal Observatory Edinburgh, Blackford Hill, Edinburgh EH9 3HJ, UK', 'Institute of Astronomy and Astrophysics, University of Tübingen, Auf der Morgenstelle 10, D-72076, Tübingen, Germany', 'I. Physikalisches Institut, Universität zu Köln, Zülpicher Str 77, D-50937 Köln, Germany', 'Max Planck Institute for Astronomy, Königstuhl 17, D-69117 Heidelberg, Germany']"	['A11530; A00756', 'A00756', 'A00756', 'A05240; A02914', 'A11530', 'A01570', 'A01570', 'A01570', 'A01570', 'A01570; A01627', 'A01561', 'A01194', 'A02278', 'A01643', 'A02218', 'A01570']	2020	Monthly Notices of the Royal Astronomical Society	498	['4721']	2020-11-00	2020-11-01T00:00:00Z	['MNRAS', 'MNRAS.498']	['2021A&A...648A..66G', '2021A&A...655A..84S', '2022ApJ...929...68O', '2022ApJ...935..161L', '2022arXiv220511422F']	5	article	['0000-0002-8250-6827', '-', '-', '-', '0000-0002-9774-1846', '-', '-', '-', '-', '-', '-', '-', '-', '0000-0003-2309-8963', '-', '-']	['ARTICLE', 'DATA', 'EPRINT_OPENACCESS', 'ESOURCE', 'OPENACCESS', 'REFEREED']	['stars circumstellar matter', 'stars fundamental parameters', 'ism general', 'astronomy infrared', '-', '-']	('Palau, A.', 84)	('0000-0003-2309-8963', 70)
2020ApJ...902L..47Z	['Confirming the Explosive Outflow in G5.89 with ALMA']	['Zapata, Luis A.', 'Ho, Paul T. P.', 'Fernández-López, Manuel', 'Ccolque, Estrella Guzmán', 'Rodríguez, Luis F.', 'Reyes-Valdés, José', 'Bally, John', 'Palau, Aina', 'Saito, Masao', 'Sanhueza, Patricio', 'Rivera-Ortiz, P. R.', 'Rodríguez-González, A.']	"['Instituto de Radioastronomía y Astrofísica, Universidad Nacional Autónoma de México, P.O. Box 3-72, 58090, Morelia, Michoacán, Mexico', ""Academia Sinica Institute of Astronomy and Astrophysics, P.O. Box 23-141, Taipei, 10617, Taiwan; East Asian Observatory, 666 N. A'ohoku Place, Hilo, HI 96720, USA"", 'Instituto Argentino de Radioastronomía (CCT-La Plata, CONICET; CICPBA), C.C. No. 5, 1894, Villa Elisa, Buenos Aires, Argentina', 'Instituto Argentino de Radioastronomía (CCT-La Plata, CONICET; CICPBA), C.C. No. 5, 1894, Villa Elisa, Buenos Aires, Argentina', 'Instituto de Radioastronomía y Astrofísica, Universidad Nacional Autónoma de México, P.O. Box 3-72, 58090, Morelia, Michoacán, Mexico; Mesoamerican Centre for Theoretical Physics, Universidad Autónoma de Chiapas, Carretera Emiliano Zapata Km. 4 Real del Bosque, 29050 Tuxtla Gutiérrez, Chiapas, Mexico', 'Centro de Investigación en Matemáticas Aplicadas, Universidad Autónoma de Coahuila, Camporredondo S/N, Saltillo, Coahuila, CP 25115, Mexico', 'Astrophysical and Planetary Sciences Department University of Colorado, UCB 389, Boulder, CO 80309, USA', 'Instituto de Radioastronomía y Astrofísica, Universidad Nacional Autónoma de México, P.O. Box 3-72, 58090, Morelia, Michoacán, Mexico', 'National Astronomical Observatory of Japan, National Institutes of Natural Sciences, 2-21-1 Osawa, Mitaka, Tokyo 181-8588, Japan; Department of Astronomical Science, SOKENDAI (The Graduate University for Advanced Studies), 2-21-1 Osawa, Mitaka, Tokyo 181-8588, Japan', 'National Astronomical Observatory of Japan, National Institutes of Natural Sciences, 2-21-1 Osawa, Mitaka, Tokyo 181-8588, Japan; Department of Astronomical Science, SOKENDAI (The Graduate University for Advanced Studies), 2-21-1 Osawa, Mitaka, Tokyo 181-8588, Japan', ""Univ. Grenoble Alpes, CNRS, Institut de Planétologie et d'Astrophysique de Grenoble (IPAG), F-38000 Grenoble, France"", 'Instituto de Ciencias Nucleares, Universidad Nacional Autónoma de México, Ap. 70-543, 04510 D.F., Mexico']"	['A01194', 'A03629; A06468', 'A04337; A05142', 'A04337; A05142', 'A01194; -', '-', 'A11142', 'A01194', 'A03857; A11578', 'A03857; A11578', 'A05240', 'A01197']	2020	The Astrophysical Journal	902	['L47']	2020-10-00	2020-10-01T00:00:00Z	['ApJL', 'ApJL..902']	['2021A&A...651A..94F', '2021ApJ...913...29F', '2021ApJ...916...56R', '2021MNRAS.508L..74R', '2022A&A...658A.160Y', '2022ApJ...924...50B', '2022ApJ...937...51G']	7	article	['0000-0003-2343-7937', '0000-0002-3412-4306', '-', '-', '-', '-', '-', '-', '-', '-', '-', '-']	['ARTICLE', 'ASSOCIATED', 'DATA', 'EPRINT_OPENACCESS', 'ESOURCE', 'OPENACCESS', 'PUB_OPENACCESS', 'REFEREED']	['stars fundamental parameters', '-', '-', '-', '-', '-', '-', '-', '-', '-', '-', '-']	('Palau, Aina', 100)	('0000-0003-2343-7937', 70)
2020ApJ...896..132Z	['Tidal Interaction between the UX Tauri A/C Disk System Revealed by ALMA']	['Zapata, Luis A.', 'Rodríguez, Luis F.', 'Fernández-López, Manuel', 'Palau, Aina', 'Estalella, Robert', 'Osorio, Mayra', 'Anglada, Guillem', 'Huelamo, Nuria']	['Instituto de Radioastronomía y Astrofísica, Universidad Nacional Autónoma de México, P.O. Box 3-72, 58090, Morelia, Michoacán, México', 'Instituto de Radioastronomía y Astrofísica, Universidad Nacional Autónoma de México, P.O. Box 3-72, 58090, Morelia, Michoacán, México; Mesoamerican Centre for Theoretical Physics, Universidad Autónoma de Chiapas, Carretera Emiliano Zapata Km. 4 Real del Bosque, 29050 Tuxtla Gutiérrez, Chiapas, México', 'Instituto Argentino de Radioastronomía (CCT-La Plata, CONICET; CICPBA), C.C. No. 5, 1894, Villa Elisa, Buenos Aires, Argentina', 'Instituto de Radioastronomía y Astrofísica, Universidad Nacional Autónoma de México, P.O. Box 3-72, 58090, Morelia, Michoacán, México', 'Dep. de Física Quàntica i Astrofísica, Institut de Ciencies del Cosmos, Universitat de Barcelona, IEEC-UB, Marti i Franques 1, E-08028 Barcelona, Spain', 'Instituto de Astrofísica de Andalucía(CSIC), Glorieta de la Astronomía s/n E-18008 Granada, Spain', 'Instituto de Astrofísica de Andalucía(CSIC), Glorieta de la Astronomía s/n E-18008 Granada, Spain', 'Centro de Astrobiología (CSIC-INTA), Camino bajo del Castillo s/n, E-28692 Villanueva de la Cañada, Madrid, Spain']	['A01194', 'A01194; -', 'A04337; A05142', 'A01194', 'A02390', 'A02307', 'A02307', 'A04639']	2020	The Astrophysical Journal	896	['132']	2020-06-00	2020-06-01T00:00:00Z	['ApJ', 'ApJ...896']	['2020ApJ...898..140H', '2021A&A...652A.133V', '2021ApJS..257...19H', '2022ApJ...930...91D', '2022ApJ...930..171H', '2022Galax..10...19R', '2022NatAs...6..331D', '2022NatAs...6..837L', '2022arXiv220309528P', '2022arXiv220709752C', '2022arXiv220814895G']	11	article	['0000-0003-2343-7937', '-', '-', '-', '-', '-', '-', '-']	['ARTICLE', 'ASSOCIATED', 'DATA', 'ESOURCE', 'OPENACCESS', 'PUB_OPENACCESS', 'REFEREED']	['ism molecules', 'astronomy radio', 'stars circumstellar matter', '-', '-', '-']	('Palau, Aina', 100)	('0000-0003-2343-7937', 70)
2020ApJ...896..110L	['ALMA Observations of NGC 6334S. I. Forming Massive Stars and Clusters in Subsonic and Transonic Filamentary Clouds']	['Li, Shanghuo', 'Zhang, Qizhou', 'Liu, Hauyu Baobab', 'Beuther, Henrik', 'Palau, Aina', 'Girart, Josep Miquel', 'Smith, Howard', 'Hora, Joseph L.', 'Lin, Yuxing', 'Qiu, Keping', 'Strom, Shaye', 'Wang, Junzhi', 'Li, Fei', 'Yue, Nannan']	"[""Shanghai Astronomical Observatory, Chinese Academy of Sciences, 80 Nandan Road, Shanghai 200030, People's Republic of China; Center for Astrophysics ∣ Harvard &amp; Smithsonian, 60 Garden Street, Cambridge, MA 02138, USA; University of Chinese Academy of Sciences, 19A Yuquanlu, Beijing 100049, People's Republic of China"", 'Center for Astrophysics ∣ Harvard &amp; Smithsonian, 60 Garden Street, Cambridge, MA 02138, USA', 'Academia Sinica Institute of Astronomy and Astrophysics, P.O. Box 23-141, Taipei 106, Taiwan', 'Max Planck Institute for Astronomy, Konigstuhl 17, D-69117 Heidelberg, Germany', 'Instituto de Radioastronomía y Astrofísica, Universidad Nacional Autónoma de México, P.O. Box 3-72, 58090, Morelia, Michoacán, México', ""Institut de Ciències de l'Espai (IEEC-CSIC), Campus UAB, Carrer de Can Magrans s/n, E-08193 Cerdanyola del Vallès, Catalonia, Spain"", 'Center for Astrophysics ∣ Harvard &amp; Smithsonian, 60 Garden Street, Cambridge, MA 02138, USA', 'Center for Astrophysics ∣ Harvard &amp; Smithsonian, 60 Garden Street, Cambridge, MA 02138, USA', 'Max-Planck Institute für Radio Astronomy, Auf dem Hügel 69, D-53121, Bonn, Germany', ""School of Astronomy and Space Science, Nanjing University, 163 Xianlin Avenue, Nanjing 210023, People's Republic of China"", 'Center for Astrophysics ∣ Harvard &amp; Smithsonian, 60 Garden Street, Cambridge, MA 02138, USA', ""Shanghai Astronomical Observatory, Chinese Academy of Sciences, 80 Nandan Road, Shanghai 200030, People's Republic of China"", ""Shanghai Astronomical Observatory, Chinese Academy of Sciences, 80 Nandan Road, Shanghai 200030, People's Republic of China; University of Chinese Academy of Sciences, 19A Yuquanlu, Beijing 100049, People's Republic of China"", ""University of Chinese Academy of Sciences, 19A Yuquanlu, Beijing 100049, People's Republic of China; National Astronomical Observatories, Chinese Academy of Sciences, Beijing 100012, People's Republic of China""]"	['A04828; A01400; A04831', 'A01400', 'A03629', 'A01570', 'A01194', 'A02390', 'A01400', 'A01400', 'A01556', 'A11568', 'A01400', 'A04828', 'A04828; A04831', 'A04831; A04819']	2020	The Astrophysical Journal	896	['110']	2020-06-00	2020-06-01T00:00:00Z	['ApJ', 'ApJ...896']	['2020SSRv..216...76B', '2021A&A...646A.170G', '2021A&A...649A.113B', '2021ApJ...909..199O', '2021ApJ...912L...7L', '2021MNRAS.502.4963G', '2021MNRAS.505.2801L', '2022A&A...663A..82G', '2022ApJ...925..144S', '2022ApJ...926..165L', '2022ApJ...936..169R', '2022MNRAS.510.5009L', '2022MNRAS.516.1983S', '2022arXiv220801675R']	14	article	['-', '0000-0003-2384-6589', '-', '-', '-', '-', '-', '-', '-', '-', '-', '-', '-', '-']	['ARTICLE', 'ASSOCIATED', 'DATA', 'EPRINT_OPENACCESS', 'ESOURCE', 'OPENACCESS', 'PUB_OPENACCESS', 'REFEREED']	['stars early type', 'stars fundamental parameters', '-', '-', 'protostars', 'astronomy radio', 'astronomy radio', 'astronomy radio', 'astronomy submillimeter', 'astrochemistry', '-', '-', '-', '-', '-', '-', '-', '-', '-', '-', '-', '-']	('Palau, Aina', 100)	('0000-0003-2384-6589', 75)
2019MNRAS.490.3061V	['Global hierarchical collapse in molecular clouds. Towards a comprehensive scenario']	['Vázquez-Semadeni, Enrique', 'Palau, Aina', 'Ballesteros-Paredes, Javier', 'Gómez, Gilberto C.', 'Zamora-Avilés, Manuel']	['Instituto de Radioastronomía y Astrofísica, Universidad Nacional Autónoma de México, Apdo. Postal 3-72, Morelia, Michoacán 58089, México', 'Instituto de Radioastronomía y Astrofísica, Universidad Nacional Autónoma de México, Apdo. Postal 3-72, Morelia, Michoacán 58089, México', 'Instituto de Radioastronomía y Astrofísica, Universidad Nacional Autónoma de México, Apdo. Postal 3-72, Morelia, Michoacán 58089, México', 'Instituto de Radioastronomía y Astrofísica, Universidad Nacional Autónoma de México, Apdo. Postal 3-72, Morelia, Michoacán 58089, México', 'Instituto de Radioastronomía y Astrofísica, Universidad Nacional Autónoma de México, Apdo. Postal 3-72, Morelia, Michoacán 58089, México; CONACYT-Instituto Nacional de Astrofísica, Óptica y Electrónica, Luis E. Erro 1, 72840 Tonantzintla, Puebla, México']	['A01194', 'A01194', 'A01194', 'A01194', 'A01194; A05081']	2019	Monthly Notices of the Royal Astronomical Society	490	['3061']	2019-12-00	2019-12-01T00:00:00Z	['MNRAS', 'MNRAS.490']	['2019A&A...626A..79P', '2019A&A...629A..10B', '2019A&A...631A...3M', '2019A&A...631A..72L', '2019A&A...631L...1M', '2019A&A...632A..83S', '2019AJ....158..235G', '2019ApJ...882....5W', '2019ApJ...884....4K', '2019MNRAS.487.1259L', '2019MNRAS.487.2200Z', '2019MNRAS.487.2977G', '2019MNRAS.488.3406Z', '2020A&A...636A..38N', '2020A&A...637A..40Z', '2020A&A...638A..44B', '2020A&A...641A..17B', '2020A&A...641A.138R', '2020A&A...642A..76Z', '2020A&A...642A..87K', '2020A&A...644A..11L', '2020A&A...644A..52A', '2020A&A...644A.128S', '2020AJ....159..265T', '2020AJ....160...68W', '2020ApJ...896..110L', '2020ApJ...898...41D', '2020ApJ...899..128K', '2020ApJ...900...82P', '2020ApJ...903...46C', '2020ApJ...904..168B', '2020MNRAS.491.4310T', '2020MNRAS.492.5870K', '2020MNRAS.494..624K', '2020MNRAS.495.4279M', '2020MNRAS.496.3482P', '2020MNRAS.499..668G', '2020MNRAS.499.1666C', '2020NatAs...4.1064H', '2020SSRv..216...50C', '2020SSRv..216...62R', '2020SSRv..216...64K', '2020SSRv..216...70L', '2020SSRv..216...76B', '2020arXiv201212819N', '2021A&A...645A..94N', '2021A&A...646A..10S', '2021A&A...646A.170G', '2021A&A...647A.114M', '2021A&A...647A.116C', '2021AJ....162..264J', '2021ARep...65...82P', '2021ASPC..528..303B', '2021ApJ...908....2M', '2021ApJ...910L...6T', '2021ApJ...917...23K', '2021ApJ...920..126E', '2021ApJ...921...48S', '2021ApJ...922L..36J', '2021ApJ...923..147M', '2021ApJS..254...14Y', '2021MNRAS.500.1697C', '2021MNRAS.500.2209Z', '2021MNRAS.500.2831W', '2021MNRAS.502.4576R', '2021MNRAS.502.4963G', '2021MNRAS.503.4601B', '2021MNRAS.504.1152D', '2021MNRAS.505..459F', '2021MNRAS.508.2964A', '2021PASJ...73..487T', '2021Univ....7..352T', '2022A&A...657A..30T', '2022A&A...657A..70P', '2022A&A...658A.128L', '2022A&A...658A.192Y', '2022A&A...662A...8M', '2022A&A...662A..39E', '2022A&A...663A.113J', '2022A&A...664A..26P', '2022A&A...664A..84N', '2022A&A...665A..63B', '2022A&A...665A.119T', '2022AJ....163..127T', '2022ApJ...925...41D', '2022ApJ...925...78A', '2022ApJ...925..144S', '2022ApJ...925..196I', '2022ApJ...926...16Y', '2022ApJ...929...68O', '2022ApJ...933...20T', '2022ApJ...933..179O', '2022ApJ...934....2M', '2022ApJ...934...45Z', '2022ApJ...935...57C', '2022ApJ...935..171B', '2022ApJ...936..135S', '2022ApJ...936..136Z', '2022ApJ...937...46K', '2022EPJWC.25700041R', '2022EPJWC.26500016T', '2022MNRAS.510.5009L', '2022MNRAS.511.3346F', '2022MNRAS.511.4480L', '2022MNRAS.511.4801B', '2022MNRAS.512..216G', '2022MNRAS.512.4715N', '2022MNRAS.512.5214D', '2022MNRAS.513.1244G', '2022MNRAS.513.2942D', '2022MNRAS.514.6038Z', '2022MNRAS.516.1983S', '2022MNRAS.516.4212S', '2022MNRAS.tmp.2468D', '2022PASA...39....5P', '2022RAA....22g5003C', '2022RAA....22g5016J', '2022arXiv220300040H', '2022arXiv220309562H', '2022arXiv220309570C', '2022arXiv220311223H', '2022arXiv220402511G', '2022arXiv220503935P', '2022arXiv220604090K', '2022arXiv220801894J', '2022arXiv220903889R']	126	article	['-', '-', '-', '0000-0003-4714-0636', '-']	['ARTICLE', 'DATA', 'EPRINT_OPENACCESS', 'ESOURCE', 'OPENACCESS', 'REFEREED']	['stars fundamental parameters', 'ism clouds', 'ism evolution', 'turbulence', 'gravitation', '-']	('Palau, Aina', 100)	('0000-0003-4714-0636', 58)
2019MNRAS.489.4429R	['Not so different after all: properties and spatial structure of column density peaks in the pipe and Orion A clouds']	['Román-Zúñiga, Carlos G.', 'Alfaro, Emilio', 'Palau, Aina', 'Hasenberger, Birgit', 'Alves, João F.', 'Lombardi, Marco', 'Sánchez, G. Paloma S.']	['Instituto de Astronomía en Ensenada, Universidad Nacional Autónoma de México, Km 107 Carr. Tijuana-Ensenada, Ensenada BC 22860, Mexico', 'Instituto de Astrofísica de Andalucía, CSIC, Granada E-18008, Spain', 'Instituto de Radioastronomía y Astrofísica, UNAM, Morelia 58341, Mexico', 'Department for Astrophysics, University of Vienna, Vienna A-1180, Austria', 'Department for Astrophysics, University of Vienna, Vienna A-1180, Austria', 'Dipartimento di Fisica, Università di Milano, Milan I-20133, Italy', 'Instituto de Radioastronomía y Astrofísica, UNAM, Morelia 58341, Mexico']	['A01186', 'A02307', 'A01194', 'A11353', 'A11353', 'A01681', 'A01194']	2019	Monthly Notices of the Royal Astronomical Society	489	['4429']	2019-11-00	2019-11-01T00:00:00Z	['MNRAS', 'MNRAS.489']	['2020ApJ...897..136M', '2021A&A...645A..94N', '2021A&A...649A.113B', '2022A&A...657A..30T', '2022A&A...659A..59T']	5	article	['-', '-', '-', '-', '0000-0002-4355-0921', '0000-0002-3336-4965', '-']	['ARTICLE', 'DATA', 'EPRINT_OPENACCESS', 'ESOURCE', 'OPENACCESS', 'REFEREED']	['stars fundamental parameters', 'ism clouds', 'ism structure', 'astronomy infrared', '-', '-']	('Palau, Aina', 100)	('0000-0002-4355-0921', 74)
2019A&A...629A..10B	['Fragmentation, rotation, and outflows in the high-mass star-forming region IRAS 23033+5951. A case study of the IRAM NOEMA large program CORE']	['Bosco, F.', 'Beuther, H.', 'Ahmadi, A.', 'Mottram, J. C.', 'Kuiper, R.', 'Linz, H.', 'Maud, L.', 'Winters, J. M.', 'Henning, T.', 'Feng, S.', 'Peters, T.', 'Semenov, D.', 'Klaassen, P. D.', 'Schilke, P.', 'Urquhart, J. S.', 'Beltrán, M. T.', 'Lumsden, S. L.', 'Leurini, S.', 'Moscadelli, L.', 'Cesaroni, R.', 'Sánchez-Monge, Á.', 'Palau, A.', 'Pudritz, R.', 'Wyrowski, F.', 'Longmore, S.']	"['Max-Planck-Institut für Astronomie, Königstuhl 17, 69117, Heidelberg, Germany ;', 'Max-Planck-Institut für Astronomie, Königstuhl 17, 69117, Heidelberg, Germany', 'Max-Planck-Institut für Astronomie, Königstuhl 17, 69117, Heidelberg, Germany', 'Max-Planck-Institut für Astronomie, Königstuhl 17, 69117, Heidelberg, Germany', 'Institute of Astronomy and Astrophysics, University of Tübingen, Auf der Morgenstelle 10, 72076, Tübingen, Germany; Max-Planck-Institut für Astronomie, Königstuhl 17, 69117, Heidelberg, Germany', 'Max-Planck-Institut für Astronomie, Königstuhl 17, 69117, Heidelberg, Germany', 'Leiden Observatory, Leiden University, 2300, RA Leiden, The Netherlands', ""IRAM, 300 rue de la Piscine, Domaine Universitaire, 38406, Saint Martin d'Hères, France"", 'Max-Planck-Institut für Astronomie, Königstuhl 17, 69117, Heidelberg, Germany', 'National Astronomical Observatory of China, Datun Road 20, Chaoyang, Beijing, PR China', 'Max-Planck-Institut für Astrophysik, Karl-Schwarzschild-Str. 1, 85748, Garching, Germany', 'Max-Planck-Institut für Astronomie, Königstuhl 17, 69117, Heidelberg, Germany; Department of Chemistry, Ludwig Maximilian University, Butenandtstr. 5-13, 81377, Munich, Germany', 'UK Astronomy Technology Centre, Royal Observatory Edinburgh, Blackford Hill, Edinbugh, EH9 3HJ, UK', 'Max-Planck-Institut für Radioastronomie, Auf dem Hügel 69, 53121, Bonn, Germany', 'Centre for Astrophysics and Planetary Science, University of Kent, Canterbury, CT2 7NH, UK', 'INAF - Osservatorio Astrofisico di Arcetri, Largo E. Fermi 5, 50125, Firenze, Italy', 'School of Physics and Astronomy, The University of Leeds, Woodhouse Lane, Leeds, LS2 9JT, UK', 'INAF - Osservatorio Astronomico di Cagliari, Via della Scienza 5, 09047, Selargius (CA), Italy', 'INAF - Osservatorio Astrofisico di Arcetri, Largo E. Fermi 5, 50125, Firenze, Italy', 'INAF - Osservatorio Astrofisico di Arcetri, Largo E. Fermi 5, 50125, Firenze, Italy', 'I. Physikalisches Institut, Universität zu Köln, Zülpicher Strasse 77, 50937, Köln, Germany', 'Instituto de Radioastronomía y Astrofísica, Universidad Nacional Autónoma de México, PO Box 3-72, 58090, Morelia, Michoacán, México', 'McMaster University, 1280 MAIN ST W, L8S 4M1, Hamilton, ON, Canada', 'Max-Planck-Institut für Radioastronomie, Auf dem Hügel 69, 53121, Bonn, Germany', 'Astrophysics Research Institute, Liverpool John Moores University, 146 Brownlow Hill, Liverpool, L3 5RF, UK']"	['A01570', 'A01570', 'A01570', 'A01570', 'A01643; A01570', 'A01570', 'A11239', 'A02825', 'A01570', 'A04819', 'A01561', 'A01570; A01627', 'A02278', 'A01556', 'A00355', 'A03981', 'A00756', 'A03971', 'A03981', 'A03981', 'A02218', 'A01194', 'A00635', 'A01556', 'A00778']	2019	Astronomy and Astrophysics	629	['A10']	2019-09-00	2019-09-01T00:00:00Z	['A&A', 'A&A...629']	['2019A&A...632A..50A', '2021A&A...647A.114M', '2021A&A...648A..66G', '2021A&A...652A..69M', '2021A&A...655A..84S', '2021ApJ...922...66R', '2021MNRAS.500.4448M', '2021arXiv210901243M', '2022AdSpR..69..415B', '2022ApJ...936...80S', '2022arXiv220310066O']	11	article	['-', '-', '0000-0003-4037-5248', '-', '0000-0003-2309-8963', '-', '-', '-', '-', '-', '-', '-', '-', '-', '-', '0000-0003-3315-5626', '0000-0001-5748-5166', '0000-0003-1014-3390', '0000-0002-8517-8881', '0000-0002-2430-5103', '-', '-', '-', '-', '-']	['ARTICLE', 'ASSOCIATED', 'DATA', 'EPRINT_OPENACCESS', 'ESOURCE', 'OPENACCESS', 'PUB_OPENACCESS', 'REFEREED']	['ism general', 'ism kinematics and dynamics', 'ism jets and outflows', 'stars circumstellar matter', 'stars fundamental parameters', '-', '-', '-']	('Palau, A.', 84)	('0000-0003-2309-8963', 70)
2019MNRAS.487.2730B	['Erratum: Gravity or turbulence? - IV. Collapsing cores in out of virial disguise']	['Ballesteros-Paredes, Javier', 'Vázquez-Semadeni, Enrique', 'Palau, Aina', 'Klessen, Ralf S.']	['Instituto de Radioastronomía y Astrofísica. PO Box 3-72. 58090. Morelia, Michoacán, México; Universität Heidelberg, Zentrum für Astronomie, Institut für Theoretische Astrophysik. Albert-Ueberle Strasse 2, D-69120 Heidelberg, Germany', 'Instituto de Radioastronomía y Astrofísica. PO Box 3-72. 58090. Morelia, Michoacán, México', 'Instituto de Radioastronomía y Astrofísica. PO Box 3-72. 58090. Morelia, Michoacán, México', 'Universität Heidelberg, Zentrum für Astronomie, Institut für Theoretische Astrophysik. Albert-Ueberle Strasse 2, D-69120 Heidelberg, Germany; Universität Heidelberg, Interdisziplinäres Zentrum für Wissenschaftliches Rechnen, Im Neuenheimer Feld 205, D-69120 Heidelberg, Germany']	['-; A01516', '-', '-', 'A01516; A01512']	2019	Monthly Notices of the Royal Astronomical Society	487	['2730']	2019-08-00	2019-08-01T00:00:00Z	['MNRAS', 'MNRAS.487']		0	erratum		['ARTICLE', 'ESOURCE', 'OPENACCESS', 'PUB_OPENACCESS', 'REFEREED']	['errata', 'addenda', 'turbulence', 'stars fundamental parameters', 'ism clouds', 'ism kinematics and dynamics', 'galaxies star clusters']	('Palau, Aina', 100)	
2019MNRAS.486L..15Z	['G5.89: an explosive outflow powered by a proto-stellar merger?']	['Zapata, Luis A.', 'Ho, Paul T. P.', 'Guzmán Ccolque, Estrella', 'Fernández-Lopéz, Manuel', 'Rodríguez, Luis F.', 'Bally, John', 'Sanhueza, Patricio', 'Palau, Aina', 'Saito, Masao']	"['Instituto de Radioastronomía y Astrofísica, Universidad Nacional Autónoma de México, PO Box 3-72, 58090 Morelia, Michoacán, México', ""Academia Sinica Institute of Astronomy and Astrophysics, PO Box 23-141, Taipei 10617, Taiwan; East Asian Observatory, 666 N. A'ohoku Place, Hilo, HI 96720, USA"", 'Instituto Argentino de Radioastronomía (CCT-La Plata, CONICET; CICPBA), C.C. No. 5, 1894, Villa Elisa, Buenos Aires, Argentina', 'Instituto Argentino de Radioastronomía (CCT-La Plata, CONICET; CICPBA), C.C. No. 5, 1894, Villa Elisa, Buenos Aires, Argentina', 'Instituto de Radioastronomía y Astrofísica, Universidad Nacional Autónoma de México, PO Box 3-72, 58090 Morelia, Michoacán, México; Mesoamerican Centre for Theoretical Physics, Universidad Autónoma de Chiapas, Carretera Emiliano Zapata Km. 4 Real del Bosque, 29050 Tuxtla Gutiérrez, Chiapas, México', 'Astrophysical and Planetary Sciences Department, University of Colorado, UCB 389 Boulder, CO 80309, USA', 'National Astronomical Observatory of Japan, National Institutes of Natural Sciences, 2-21-1 Osawa, Mitaka, Tokyo 181-8588, Japan', 'Instituto de Radioastronomía y Astrofísica, Universidad Nacional Autónoma de México, PO Box 3-72, 58090 Morelia, Michoacán, México', 'National Astronomical Observatory of Japan, National Institutes of Natural Sciences, 2-21-1 Osawa, Mitaka, Tokyo 181-8588, Japan']"	['A01194', 'A03629; A06468', 'A04337; A05142', 'A04337; A05142', 'A01194; -', 'A11142', 'A03857', 'A01194', 'A03857']	2019	Monthly Notices of the Royal Astronomical Society	486	['L15']	2019-06-00	2019-06-01T00:00:00Z	['MNRAS', 'MNRAS.486']	['2019MNRAS.489.4497Y', '2020ApJ...902L..47Z', '2021ApJ...913...29F', '2021ApJ...913..131T', '2021ApJ...916...56R', '2021RAA....21..207H', '2022ApJ...924...50B', '2022ApJ...937...51G']	8	article	['0000-0003-2343-7937', '0000-0002-3412-4306', '-', '-', '-', '-', '-', '-', '-']	['ARTICLE', 'DATA', 'EPRINT_OPENACCESS', 'ESOURCE', 'OPENACCESS', 'PUB_OPENACCESS', 'REFEREED']	['instrumentation high angular resolution', '-', 'stars fundamental parameters', 'ism general', '-', '-']	('Palau, Aina', 100)	('0000-0003-2343-7937', 70)
2019ApJ...875...24C	['Filamentary Accretion Flows in the Infrared Dark Cloud G14.225-0.506 Revealed by ALMA']	"['Chen, Huei-Ru Vivien', 'Zhang, Qizhou', 'Wright, M. C. H.', 'Busquet, Gemma', 'Lin, Yuxin', 'Liu, Hauyu Baobab', 'Olguin, F. A.', 'Sanhueza, Patricio', 'Nakamura, Fumitaka', 'Palau, Aina', 'Ohashi, Satoshi', ""Tatematsu, Ken'ichi"", 'Liao, Li-Wen']"	"['Institute of Astronomy and Department of Physics, National Tsing Hua University, Hsinchu 30013, Taiwan', 'Center for Astrophysics∣Harvard &amp; Smithsonian, 60 Garden Street, Cambridge, MA 02318, USA', 'Department of Astronomy, University of California, Berkeley, CA 94720, USA', ""Institut de Ciències de l'Espai (ICE, CSIC), Can Magrans, s/n, E-08193 Cerdanyola del Vallès, Catalonia, Spain ; Institut d'Estudis Espacials de Catalunya (IEEC), E-08034, Barcelona, Catalonia, Spain"", 'Max-Planck-Institut für Radioastronomie, D-53121 Bonn, Germany', 'European Southern Observatory (ESO), Karl-Schwarzschild-Str. 2, D-85748 Garching, Germany ; Academia Sinica Institute of Astronomy and Astrophysics, P.O. Box 23-141, Taipei 10617, Taiwan', 'Institute of Astronomy, National Tsing Hua University, Hsinchu 30013, Taiwan', 'National Astronomical Observatory of Japan, National Institutes of Natural Sciences, 2-21-1 Osawa, Mitaka, Tokyo 181-8588, Japan', 'National Astronomical Observatory of Japan, National Institutes of Natural Sciences, 2-21-1 Osawa, Mitaka, Tokyo 181-8588, Japan', 'Instituto de Radioastronomía y Astrofísica, Universidad Nacional Autónoma de México, P.O. Box 3-72, 58090 Morelia, Michoacán, México', 'National Astronomical Observatory of Japan, National Institutes of Natural Sciences, 2-21-1 Osawa, Mitaka, Tokyo 181-8588, Japan; RIKEN, 2-1, Hirosawa, Wako-shi, Saitama 351-0198, Japan', 'National Astronomical Observatory of Japan, National Institutes of Natural Sciences, 2-21-1 Osawa, Mitaka, Tokyo 181-8588, Japan; Department of Astronomical Science, SOKENDAI (The Graduate University for Advanced Studies), 2-21-1 Osawa, Mitaka, Tokyo 181-8588, Japan', 'Institute of Astronomy, National Tsing Hua University, Hsinchu 30013, Taiwan']"	['A11530', 'A01400', 'A11188', 'A02390; A02348', 'A01556', 'A03997; A03629', 'A11530', 'A03857', 'A03857', 'A01194', 'A03857; A02210', 'A03857; A11578', 'A11530']	2019	The Astrophysical Journal	875	['24']	2019-04-00	2019-04-01T00:00:00Z	['ApJ', 'ApJ...875']	['2019A&A...631A..72L', '2019ApJ...884....4K', '2019ApJ...885...32K', '2019ApJ...886..102S', '2019MNRAS.490.3061V', '2019PASJ...71S...3N', '2020A&A...642A..87K', '2020A&A...644A..52A', '2020A&A...644A.128S', '2020ApJ...891...66N', '2020ApJ...891...84C', '2020ApJ...895..119T', '2020ApJ...900...82P', '2020ApJ...903...46C', '2020IJAsB..19..136A', '2020MNRAS.493.2339M', '2020MNRAS.496.2790L', '2020MNRAS.497..793Z', '2020MNRAS.499..668G', '2020SSRv..216...50C', '2020SSRv..216...64K', '2021A&A...646A.137L', '2021A&A...647A..78A', '2021A&A...647A.114M', '2021A&A...655A..76S', '2021ApJ...909..199O', '2021ApJ...923..147M', '2021ApJ...923L..20C', '2021MNRAS.505.5183R', '2021PASJ...73S.300K', '2022A&A...658A.114K', '2022A&A...660L...4B', '2022A&A...662A...8M', '2022ApJ...926..165L', '2022ApJ...930..169B', '2022ApJ...936..169R', '2022MNRAS.513.1244G', '2022MNRAS.514.6038Z', '2022arXiv220309562H', '2022arXiv220309570C', '2022arXiv220402511G', '2022arXiv220801675R', '2022arXiv220807506G']	43	article	['0000-0002-9774-1846', '0000-0003-2384-6589', '-', '-', '-', '-', '0000-0002-8250-6827', '-', '-', '-', '-', '-', '-']	['ARTICLE', 'DATA', 'EPRINT_OPENACCESS', 'ESOURCE', 'OPENACCESS', 'PUB_OPENACCESS', 'REFEREED']	['ism clouds', 'ism general', 'ism kinematics and dynamics', 'stars fundamental parameters', '-', '-']	('Palau, Aina', 100)	('0000-0003-2384-6589', 75)
2019ApJ...872..176Z	['An Asymmetric Keplerian Disk Surrounding the O-type Protostar IRAS 16547-4247']	['Zapata, Luis A.', 'Garay, Guido', 'Palau, Aina', 'Rodríguez, Luis F.', 'Fernández-López, Manuel', 'Estalella, Robert', 'Guzmán, Andres']	['Instituto de Radioastronomía y Astrofísica, Universidad Nacional Autónoma de México, P.O. Box 3-72, 58090, Morelia, Michoacán, México', 'Departamento de Astronomía, Universidad de Chile, Camino el Observatorio 1515, Santiago, Chile', 'Instituto de Radioastronomía y Astrofísica, Universidad Nacional Autónoma de México, P.O. Box 3-72, 58090, Morelia, Michoacán, México', 'Instituto de Radioastronomía y Astrofísica, Universidad Nacional Autónoma de México, P.O. Box 3-72, 58090, Morelia, Michoacán, México; Mesoamerican Centre for Theoretical Physics, Universidad Autónoma de Chiapas, Carretera Emiliano Zapata Km. 4 Real del Bosque, 29050 Tuxtla Gutiérrez, Chiapas, México', 'Instituto Argentino de Radioastronomía (CCT-La Plata, CONICET; CICPBA), C.C. No. 5, 1894, Villa Elisa, Buenos Aires, Argentina', 'Dep. de Física Quàntica i Astrofísica, Institut de Ciencies del Cosmos, Universitat de Barcelona, IEEC-UB, Marti i Franques 1, E-08028 Barcelona, Spain', 'National Astronomical Observatory of Japan, National Institutes of Natural Sciences, 2-21-1 Osawa, Mitaka, Tokyo 181-8588, Japan']	['A01194', 'A02231', 'A01194', 'A01194; -', 'A04337; A05142', 'A02390', 'A03857']	2019	The Astrophysical Journal	872	['176']	2019-02-00	2019-02-01T00:00:00Z	['ApJ', 'ApJ...872']	['2019A&A...627L...6M', '2019A&A...632A..50A', '2019ApJ...887..108R', '2020A&A...642A..87K', '2020ApJ...888...41A', '2020ApJ...896...35J', '2020ApJ...896..132Z', '2020ApJ...900..104B', '2020ApJ...900L...2T', '2020ApJ...904...77G', '2020ApJ...904..181L', '2020ApJ...905...25G', '2020SSRv..216...43Z', '2020SSRv..216...62R', '2020arXiv200501652Z', '2021ApJ...913...29F', '2021ApJ...923L..20C', '2021ApJS..256...43S', '2021arXiv210308859T', '2022A&A...658A.160Y', '2022ApJ...925...41D', '2022ApJ...930...91D', '2022ApJ...931L..31C', '2022MNRAS.509..748W', '2022NatAs...6..837L', '2022arXiv220310066O']	26	article	['0000-0003-2343-7937', '-', '-', '-', '-', '-', '-']	['ARTICLE', 'DATA', 'EPRINT_OPENACCESS', 'ESOURCE', 'OPENACCESS', 'PUB_OPENACCESS', 'REFEREED']	['stars fundamental parameters', '-', '-']	('Palau, Aina', 100)	('0000-0003-2343-7937', 70)
2018MNRAS.479.2112B	['Gravity or turbulence? - IV. Collapsing cores in out-of-virial disguise']	['Ballesteros-Paredes, Javier', 'Vázquez-Semadeni, Enrique', 'Palau, Aina', 'Klessen, Ralf S.']	['Instituto de Radioastronomía y Astrofísica, Universidad Nacional Autónoma de México, PO Box 3-72, 58090 Morelia, Michoacán, México; Universität Heidelberg, Zentrum für Astronomie, Institut für Theoretische Astrophysik, Albert-Ueberle-Straße 2, D-69120 Heidelberg, Germany', 'Instituto de Radioastronomía y Astrofísica, Universidad Nacional Autónoma de México, PO Box 3-72, 58090 Morelia, Michoacán, México', 'Instituto de Radioastronomía y Astrofísica, Universidad Nacional Autónoma de México, PO Box 3-72, 58090 Morelia, Michoacán, México', 'Universität Heidelberg, Zentrum für Astronomie, Institut für Theoretische Astrophysik, Albert-Ueberle-Straße 2, D-69120 Heidelberg, Germany; Universität Heidelberg, Interdisziplinäres Zentrum fär Wissenschaftliches Rechnen, Im Neuenheimer Feld 205, D-69120 Heidelberg, Germany']	['A01194; A01516', 'A01194', 'A01194', 'A01516; A01512']	2018	Monthly Notices of the Royal Astronomical Society	479	['2112']	2018-09-00	2018-09-01T00:00:00Z	['MNRAS', 'MNRAS.479']	['2018A&A...613A..11W', '2018A&A...619L...7T', '2018ApJ...862....8T', '2018ApJ...868...50K', '2018ApJ...869..102J', '2018MNRAS.477.2220T', '2018arXiv180804792L', '2019A&A...629A..81T', '2019ApJ...884....4K', '2019ApJ...886..102S', '2019ApJ...886..130L', '2019BAAS...51c.492S', '2019MNRAS.485.3224D', '2019MNRAS.485.4686W', '2019MNRAS.487.2730B', '2019MNRAS.487.2977G', '2019MNRAS.490.2648B', '2019MNRAS.490.3061V', '2020A&A...635A..88D', '2020A&A...644A..11L', '2020ApJ...903...46C', '2020ApJ...903..136G', '2020MNRAS.491.4310T', '2020MNRAS.495.1414K', '2020SSRv..216...50C', '2020SSRv..216...62R', '2020SSRv..216...76B', '2020arXiv200607325O', '2021ApJ...922...87S', '2021MNRAS.505.3655D', '2021MNRAS.505.5438T', '2022A&A...658A.128L', '2022ApJ...925...78A', '2022MNRAS.511.4801B', '2022MNRAS.515.2822R', '2022arXiv220402916A', '2022arXiv220811705W']	37	article		['ARTICLE', 'EPRINT_OPENACCESS', 'ESOURCE', 'OPENACCESS', 'PUB_OPENACCESS', 'REFEREED']	['turbulence', 'stars fundamental parameters', 'ism clouds', 'ism kinematics and dynamics', 'galaxies star clusters', '-', '-']	('Palau, Aina', 100)	
2017ApJ...844...44J	['Magnetized Converging Flows toward the Hot Core in the Intermediate/High-mass Star-forming Region NGC 6334 V']	['Juárez, Carmen', 'Girart, Josep M.', 'Zamora-Avilés, Manuel', 'Tang, Ya-Wen', 'Koch, Patrick M.', 'Liu, Hauyu Baobab', 'Palau, Aina', 'Ballesteros-Paredes, Javier', 'Zhang, Qizhou', 'Qiu, Keping']	"[""Institut de Ciències de l'Espai, (CSIC-IEEC), Campus UAB, Carrer de Can Magrans, S/N, E-08193 Cerdanyola del Vallès, Catalonia, Spain ; Dpt. de Física Quàntica i Astrofísica, Institut de Ciències del Cosmos (ICCUB), Universitat de Barcelona (IEEC-UB), Martí i Franquès 1, E-08028 Barcelona, Catalonia, Spain;"", ""Institut de Ciències de l'Espai, (CSIC-IEEC), Campus UAB, Carrer de Can Magrans, S/N, E-08193 Cerdanyola del Vallès, Catalonia, Spain"", 'Instituto de Radioastronomía y Astrofísica, Universidad Nacional Autónoma de México, P.O. Box 3-72, 58090, Morelia, Michoacán, Mexico ; Department of Astronomy, University of Michigan, 311 West Hall, 1085 S. University Ann Arbor, MI 48109-1107, USA', 'Academia Sinica Institute of Astronomy and Astrophysics, P.O. Box 23-141, Taipei, 10617, Taiwan', 'Academia Sinica Institute of Astronomy and Astrophysics, P.O. Box 23-141, Taipei, 10617, Taiwan', 'Academia Sinica Institute of Astronomy and Astrophysics, P.O. Box 23-141, Taipei, 10617, Taiwan; European Southern Observatory (ESO), Karl-Schwarzschild-Str. 2, D-85748 Garching, Germany', 'Instituto de Radioastronomía y Astrofísica, Universidad Nacional Autónoma de México, P.O. Box 3-72, 58090, Morelia, Michoacán, Mexico', 'Instituto de Radioastronomía y Astrofísica, Universidad Nacional Autónoma de México, P.O. Box 3-72, 58090, Morelia, Michoacán, Mexico', 'Harvard-Smithsonian Center for Astrophysics, 60 Garden Street, Cambridge, MA 02138, USA', 'School of Astronomy and Space Science, Nanjing University, 163 Xianlin Avenue, Nanjing 210023, China ; Key Laboratory of Modern Astronomy and Astrophysics (Nanjing University), Ministry of Education, Nanjing 210023, China']"	['A02390; A02390', 'A02390', 'A01194; A11079', 'A03629', 'A03629', 'A03629; A03997', 'A01194', 'A01194', 'A01400', 'A11568; A11568']	2017	The Astrophysical Journal	844	['44']	2017-07-00	2017-07-01T00:00:00Z	['ApJ', 'ApJ...844']	['2017MNRAS.472..647Z', '2018A&A...617A...3L', '2018ApJ...865..110C', '2019A&A...621A.140J', '2019A&A...626A..36D', '2019A&A...630A..54B', '2019ApJ...876...42W', '2019ApJ...884...48C', '2019FrASS...6....3H', '2019MNRAS.487.2200Z', '2019MNRAS.490.3061V', '2020A&A...635A...2S', '2020PASP..132j4301S', '2021A&A...647A..78A', '2021ApJ...912..159P', '2022A&A...657A...3G', '2022ApJ...925...30L', '2022arXiv220311179P']	18	article	['-', '-', '-', '-', '-', '-', '-', '-', '0000-0003-2384-6589', '-']	['ARTICLE', 'DATA', 'EPRINT_OPENACCESS', 'ESOURCE', 'OPENACCESS', 'PUB_OPENACCESS', 'REFEREED']	['ism general', 'ism magnetic fields', 'ism molecules', 'polarization', 'stars fundamental parameters', 'astronomy submillimeter', '-', '-']	('Palau, Aina', 100)	('0000-0003-2384-6589', 75)
2017AJ....153..221G	['A Search for Water Maser Emission from Brown Dwarfs and Low-luminosity Young Stellar Objects']	['Gómez, José F.', 'Palau, Aina', 'Uscanga, Lucero', 'Manjarrez, Guillermo', 'Barrado, David']	['Instituto de Astrofísica de Andalucía, CSIC, Glorieta de la Astronomía s/n, E-18008 Granada, Spain ;;', 'Instituto de Radioastronomía y Astrofísica, UNAM, P.O. Box 3-72, 58090, Morelia, Michoacán, México', 'Departamento de Astronomía, Universidad de Guanajuato, A.P. 144, 36000 Guanajuato, Gto., México', 'Instituto de Astrofísica de Andalucía, CSIC, Glorieta de la Astronomía s/n, E-18008 Granada, Spain', 'Centro de Astrobiología, INTA-CSIC, PO BOX 28692, ESAC Campus, E-208691 Villanueva de la Cañada, Madrid, Spain']	['A02307', 'A01194', 'A11723', 'A02307', 'A04639']	2017	The Astronomical Journal	153	['221']	2017-05-00	2017-05-01T00:00:00Z	['AJ', 'AJ....153']	['2021AJ....162...68O']	1	article		['ARTICLE', 'DATA', 'EPRINT_OPENACCESS', 'ESOURCE', 'OPENACCESS', 'PUB_OPENACCESS', 'REFEREED']	['stars brown dwarfs', 'ism jets and outflows', 'masers', 'stars fundamental parameters', 'stars low mass brown dwarfs', '-', '-']	('Palau, Aina', 100)	
2017AJ....153..209R	['JVLA Observations of Young Brown Dwarfs']	['Rodríguez, Luis F.', 'Zapata, Luis A.', 'Palau, Aina']	['Instituto de Radioastronomía y Astrofísica, UNAM, Apdo. Postal 3-72 (Xangari), 58089 Morelia, Michoacán, México', 'Instituto de Radioastronomía y Astrofísica, UNAM, Apdo. Postal 3-72 (Xangari), 58089 Morelia, Michoacán, México', 'Instituto de Radioastronomía y Astrofísica, UNAM, Apdo. Postal 3-72 (Xangari), 58089 Morelia, Michoacán, México']	['A01194', 'A01194', 'A01194']	2017	The Astronomical Journal	153	['209']	2017-05-00	2017-05-01T00:00:00Z	['AJ', 'AJ....153']	['2018A&ARv..26....3A', '2018ApJS..238...19T', '2018haex.bookE.171W', '2019ApJ...884...13C', '2020A&A...638L...4G', '2020AJ....159..229W', '2020ApJ...904L...6A', '2021MNRAS.506.3615S']	8	article	['-', '0000-0003-2343-7937', '-']	['ARTICLE', 'DATA', 'EPRINT_OPENACCESS', 'ESOURCE', 'OPENACCESS', 'PUB_OPENACCESS', 'REFEREED']	['ism jets and outflows', 'astronomy radio', 'stars fundamental parameters', '-', 'stars pre main sequence', '-', '-']	('Palau, Aina', 100)	('0000-0003-2343-7937', 70)
2017ApJ...836..133Z	['Molecular Outflows: Explosive versus Protostellar']	['Zapata, Luis A.', 'Schmid-Burgk, Johannes', 'Rodríguez, Luis F.', 'Palau, Aina', 'Loinard, Laurent']	['Instituto de Radioastronomía y Astrofísica, UNAM, Apdo. Postal 3-72 (Xangari), 58089 Morelia, Michoacán, México', 'Max-Planck-Institut für Radioastronomie, Auf dem Hügel 69, D-53121, Bonn, Germany', 'Instituto de Radioastronomía y Astrofísica, UNAM, Apdo. Postal 3-72 (Xangari), 58089 Morelia, Michoacán, México', 'Instituto de Radioastronomía y Astrofísica, UNAM, Apdo. Postal 3-72 (Xangari), 58089 Morelia, Michoacán, México', 'Instituto de Radioastronomía y Astrofísica, UNAM, Apdo. Postal 3-72 (Xangari), 58089 Morelia, Michoacán, México']	['A01194', 'A01556', 'A01194', 'A01194', 'A01194']	2017	The Astrophysical Journal	836	['133']	2017-02-00	2017-02-01T00:00:00Z	['ApJ', 'ApJ...836']	['2018arXiv180709539G', '2019AJ....157...20O', '2019MNRAS.486L..15Z', '2020ApJ...889..178B', '2020ApJ...902L..47Z', '2020ApJ...904..158L', '2021MNRAS.508L..74R', '2022ApJ...924...50B', '2022ApJ...937...51G', '2022NewAR..9401642M']	10	article	['0000-0003-2343-7937', '-', '-', '-', '-']	['ARTICLE', 'DATA', 'EPRINT_OPENACCESS', 'ESOURCE', 'OPENACCESS', 'PUB_OPENACCESS', 'REFEREED']	['ism jets and outflows', '-', '-']	('Palau, Aina', 100)	('0000-0003-2343-7937', 70)
2017ApJ...834..138Z	['3.3 CM JVLA Observations of Transitional Disks: Searching for Centimeter Pebbles']	['Zapata, Luis A.', 'Rodríguez, Luis F.', 'Palau, Aina']	['Instituto de Radioastronomía y Astrofísica, UNAM, Apdo. Postal 3-72 (Xangari), 58089 Morelia, Michoacán, México', 'Instituto de Radioastronomía y Astrofísica, UNAM, Apdo. Postal 3-72 (Xangari), 58089 Morelia, Michoacán, México', 'Instituto de Radioastronomía y Astrofísica, UNAM, Apdo. Postal 3-72 (Xangari), 58089 Morelia, Michoacán, México']	['A01194', 'A01194', 'A01194']	2017	The Astrophysical Journal	834	['138']	2017-01-00	2017-01-01T00:00:00Z	['ApJ', 'ApJ...834']	['2018ApJ...868L...5K', '2019ApJ...878...16P', '2020ApJ...892..111F', '2020ApJ...896..132Z', '2020arXiv200501652Z', '2022MNRAS.513.3180G']	6	article	['0000-0003-2343-7937', '-', '-']	['ARTICLE', 'DATA', 'EPRINT_OPENACCESS', 'ESOURCE', 'OPENACCESS', 'PUB_OPENACCESS', 'REFEREED']	['accretion', 'accretion disks', 'methods observational', 'radiation', 'astronomy radio', 'stars fundamental parameters', 'techniques high angular resolution', '-']	('Palau, Aina', 100)	('0000-0003-2343-7937', 70)
2016ApJ...833..209O	['Dense Core Properties in the Infrared Dark Cloud G14.225-0.506 Revealed by ALMA']	"['Ohashi, Satoshi', 'Sanhueza, Patricio', 'Chen, Huei-Ru Vivien', 'Zhang, Qizhou', 'Busquet, Gemma', 'Nakamura, Fumitaka', 'Palau, Aina', ""Tatematsu, Ken'ichi""]"	"['Department of Astronomy, The University of Tokyo, Bunkyo-ku, Tokyo 113-0033, Japan ; National Astronomical Observatory of Japan, National Institutes of Natural Sciences, 2-21-1 Osawa, Mitaka, Tokyo 181-8588, Japan;', 'National Astronomical Observatory of Japan, National Institutes of Natural Sciences, 2-21-1 Osawa, Mitaka, Tokyo 181-8588, Japan', 'Institute of Astronomy and Department of Physics, National Tsing Hua University, 101, Sec. 2, Kuang Fu Road, Hsinchu 30013, Taiwan ; Academia Sinica Institute of Astronomy and Astrophysics, P.O. Box 23-141, Taipei, 10617, Taiwan', 'Harvard-Smithsonian Center for Astrophysics, 60 Garden Street, Cambridge, MA 02318, USA', ""Institut de Ciències de l'Espai (IEEC-CSIC), Campus UAB, Carrer de Can Magrans, S/N. E-08193, Barcelona, Catalunya, Spain"", 'National Astronomical Observatory of Japan, National Institutes of Natural Sciences, 2-21-1 Osawa, Mitaka, Tokyo 181-8588, Japan', 'Instituto de Radioastronomía y Astrofísica, Universidad Nacional Autónoma de México, P.O. Box 3-72, 58090 Morelia, Michoacán, México', 'National Astronomical Observatory of Japan, National Institutes of Natural Sciences, 2-21-1 Osawa, Mitaka, Tokyo 181-8588, Japan; Department of Astronomical Science, SOKENDAI (The Graduate University for Advanced Studies), 2-21-1 Osawa, Mitaka, Tokyo 181-8588, Japan']"	['A02145; A03857', 'A03857', 'A11530; A03629', 'A01400', 'A02390', 'A03857', 'A01194', 'A03857; A11578']	2016	The Astrophysical Journal	833	['209']	2016-12-00	2016-12-01T00:00:00Z	['ApJ', 'ApJ...833']	['2017ApJ...841...97S', '2017MNRAS.469.2602K', '2017PASJ...69...59S', '2017PASJ...69...78U', '2018A&A...609A.123M', '2018A&A...616A.111W', '2018A&A...616L..10F', '2018ApJ...853..160C', '2018ApJ...855....9L', '2018ApJ...856..141T', '2018ApJ...856..147O', '2018ApJ...857...35S', '2018ApJ...861...14C', '2018ApJ...862..105L', '2018ApJS..236...49Z', '2018MNRAS.479.2112B', '2018PKAS...33...21H', '2019A&A...623A.141F', '2019A&A...628A.110M', '2019A&A...631A..72L', '2019A&A...632A..83S', '2019ApJ...873...31K', '2019ApJ...875...24C', '2019ApJ...883..156T', '2019ApJ...884....4K', '2019ApJ...886..102S', '2019ApJS..241....1C', '2019FrASS...6....3H', '2019MNRAS.487.1517L', '2019MNRAS.490.3061V', '2019PASJ...71S...3N', '2019PASJ...71S...6S', '2020A&A...644A..52A', '2020ApJ...891...66N', '2020ApJ...894...87C', '2020ApJ...895..142L', '2020ApJ...897..136M', '2020ApJ...899..102H', '2020ApJ...903...46C', '2020SSRv..216...76B', '2021ApJ...916...45O', '2021ApJ...923..147M', '2021MNRAS.502.4963G', '2021MNRAS.504.1219P', '2021PASJ...73..205T', '2021PASJ...73S.300K', '2022A&A...662A...8M', '2022A&A...662A...9G', '2022ApJ...927...54O', '2022ApJ...936..169R', '2022MNRAS.514.6038Z', '2022arXiv220309562H', '2022arXiv220801675R']	53	article	['-', '-', '0000-0002-9774-1846', '0000-0003-2384-6589', '-', '-', '-', '-']	['ARTICLE', 'DATA', 'EPRINT_OPENACCESS', 'ESOURCE', 'OPENACCESS', 'PUB_OPENACCESS', 'REFEREED']	['ism clouds', 'ism general', 'stars fundamental parameters', '-']	('Palau, Aina', 100)	('0000-0003-2384-6589', 75)
2016ApJ...827..107P	['Mid-J CO Shock Tracing Observations of Infrared Dark Clouds. III. SLED Fitting']	['Pon, A.', 'Kaufman, M. J.', 'Johnstone, D.', 'Caselli, P.', 'Fontani, F.', 'Butler, M. J.', 'Jiménez-Serra, I.', 'Palau, A.', 'Tan, J. C.']	['Department of Physics and Astronomy, The University of Western Ontario, 1151 Richmond Street, London, N6A 3K7, Canada', 'Department of Physics and Astronomy, San Jose State University, One Washington Square, San Jose, CA 95192-0106, USA ; Space Science and Astrobiology Division, MS 245-3, NASA Ames Research Center, Moffett Field, CA 94035, USA', 'NRC-Herzberg Institute of Astrophysics, 5071 West Saanich Road, Victoria, BC V9E 2E7, Canada ; Department of Physics and Astronomy, University of Victoria, P.O. Box 3055 STN CSC, Victoria, BC V8W 3P6, Canada', 'Max-Planck-Institut für extraterrestrische Physik, Giessenbachstrasse 1, D-85748 Garching, Germany', 'INAF—Osservatorio Astrofisico di Arcetri, Largo E. Fermi 5, Firenze I-50125, Italy', 'Max Planck Institute for Astronomy, Königstuhl 17, D-69117 Heidelberg, Germany', 'Department of Physics and Astronomy, University College London, 132 Hampstead Road, London NW1 2PS, UK', 'Instituto de Radioastronomía y Astrofísica, Universidad Nacional Autónoma de México, P.O. Box 3-72, 58090 Morelia, Michoacán, México', 'Departments of Astronomy &amp; Physics, University of Florida, Gainesville, FL 32611, USA']	['A11740', 'A00114; A00681', 'A01060; A11742', 'A01562', 'A03981', 'A01570', 'A00804', 'A01194', 'A11070']	2016	The Astrophysical Journal	827	['107']	2016-08-00	2016-08-01T00:00:00Z	['ApJ', 'ApJ...827']	['2016MNRAS.463.1026L', '2018MNRAS.473..271V', '2018MNRAS.474.3760C', '2018MNRAS.475.1508P', '2018MNRAS.475.5268B', '2019A&A...628A.113L', '2019ApJ...872...30S', '2019ApJ...883..202F', '2019BAAS...51c.542S', '2021MNRAS.502.2701B', '2022A&A...658A.165L', '2022A&A...660A..97T', '2022ARA&A..60..247W']	13	article	['0000-0003-4612-1812', '-', '0000-0002-6773-459X', '-', '0000-0003-0348-3418', '-', '-', '-', '-']	['ARTICLE', 'DATA', 'EPRINT_OPENACCESS', 'ESOURCE', 'OPENACCESS', 'PUB_OPENACCESS', 'REFEREED']	['ism clouds', 'ism molecules', 'shock waves', 'stars fundamental parameters', 'turbulence', '-']	('Palau, A.', 84)	('0000-0002-6773-459X', 68)
2016ApJ...822L..30F	['Phosphorus-bearing Molecules in Massive Dense Cores']	['Fontani, F.', 'Rivilla, V. M.', 'Caselli, P.', 'Vasyunin, A.', 'Palau, A.']	['INAF-Osservatorio Astrofisico di Arcetri, L.go E. Fermi 5, I-50125 Firenze, Italy', 'INAF-Osservatorio Astrofisico di Arcetri, L.go E. Fermi 5, I-50125 Firenze, Italy', 'Max-Planck-Institute for Extraterrestrial Physics, Giessenbachstrasse, D-85748 Garching, Germany', 'Max-Planck-Institute for Extraterrestrial Physics, Giessenbachstrasse, D-85748 Garching, Germany; Ural Federal University, Ekaterinburg, Russia', 'Instituto de Radioastronomía y Astrofísica, Universidad Nacional Autónoma de México, P.O. Box 3-72, 58090 Morelia, Michoacán, México']	['A03981', 'A03981', 'A01562', 'A01562; A04419', 'A01194']	2016	The Astrophysical Journal	822	['L30']	2016-05-00	2016-05-01T00:00:00Z	['ApJL', 'ApJL..822']	['2016ApJ...826..161R', '2016MNRAS.462.3937L', '2016sf2a.conf..321F', '2017ApJ...841..108M', '2017MNRAS.472.2919N', '2017MmSAI..88..568R', '2018ApJ...856..169Z', '2018ApJ...862..128J', '2018IAUS..332..409R', '2018MNRAS.475L..30R', '2018MNRAS.476L..39M', '2018MNRAS.481L..79F', '2019ApJ...884L..36B', '2019JPCA..123..463T', '2019JQSRT.227...47Q', '2019JQSRT.233..110Q', '2019MNRAS.489.4530F', '2020A&A...633A..54C', '2020A&A...641A..54C', '2020ApJ...898L..52N', '2020MNRAS.492.1180R', '2020MNRAS.499.1578B', '2020TChA..139...33D', '2021AJ....162..119S', '2021ApJ...906...55B', '2021ApJ...910...55M', '2021CPL...78239028Q', '2021JQSRT.25807352Q', '2021PCCP...2322057S', '2022A&A...659A.158H', '2022FrASS...9.9288R', '2022arXiv220805756S']	32	article	['0000-0003-0348-3418', '-', '-', '-', '-']	['ARTICLE', 'DATA', 'EPRINT_OPENACCESS', 'ESOURCE', 'OPENACCESS', 'PUB_OPENACCESS', 'REFEREED']	['ism molecules', 'astronomy radio', 'stars fundamental parameters', '-', '-']	('Palau, A.', 84)	('0000-0003-0348-3418', 63)
2015ApJ...814...15F	['Radio Monitoring of the Periodically Variable IR Source LRLL 54361: No Direct Correlation between the Radio and IR Emissions']	['Forbrich, Jan', 'Rodríguez, Luis F.', 'Palau, Aina', 'Zapata, Luis A.', 'Muzerolle, James', 'Gutermuth, Robert A.']	['University of Vienna, Department of Astrophysics, Türkenschanzstraße 17, A-1180 Vienna, Austria; Harvard-Smithsonian Center for Astrophysics, 60 Garden St MS 72, Cambridge, MA 02138, USA;', 'Instituto de Radioastronomía y Astrofísica, UNAM, Apdo. Postal 3-72 (Xangari), 58089 Morelia, Michoacán, México', 'Instituto de Radioastronomía y Astrofísica, UNAM, Apdo. Postal 3-72 (Xangari), 58089 Morelia, Michoacán, México', 'Instituto de Radioastronomía y Astrofísica, UNAM, Apdo. Postal 3-72 (Xangari), 58089 Morelia, Michoacán, México', 'Space Telescope Science Institute, 3700 San Martin Drive, Baltimore, MD 21218, USA', 'Department of Astronomy, University of Massachusetts, Amherst, MA 01003, USA']	['A11353; A01400', 'A01194', 'A01194', 'A01194', 'A03671', 'A00231']	2015	The Astrophysical Journal	814	['15']	2015-11-00	2015-11-01T00:00:00Z	['ApJ', 'ApJ...814']	['2017AJ....153..209R', '2017ApJ...846...19R', '2017ApJ...849...43H', '2018A&ARv..26....3A', '2018ASPC..517..345T', '2018ASPC..517..357H', '2018ApJS..236...51Y', '2020IAUS..352..318R']	8	article	['-', '-', '-', '0000-0003-2343-7937', '-', '-']	['ARTICLE', 'DATA', 'EPRINT_OPENACCESS', 'ESOURCE', 'OPENACCESS', 'PUB_OPENACCESS', 'REFEREED']	['ism general', 'ism herbig haro objects', '-', 'ism jets and outflows', 'astronomy radio', 'stars pre main sequence', '-', '-']	('Palau, Aina', 100)	('0000-0003-2343-7937', 70)
2015ApJ...811L...4Z	['Origin and Kinematics of the Eruptive Flow from XZ Tau Revealed by ALMA']	['Zapata, Luis A.', 'Galván-Madrid, Roberto', 'Carrasco-González, Carlos', 'Curiel, Salvador', 'Palau, Aina', 'Rodríguez, Luis F.', 'Kurtz, Stan E.', 'Tafoya, Daniel', 'Loinard, Laurent']	['Centro de Radioastronomía y Astrofísica, UNAM, Apdo. Postal 3-72 (Xangari), 58089 Morelia, Michoacán, México', 'Centro de Radioastronomía y Astrofísica, UNAM, Apdo. Postal 3-72 (Xangari), 58089 Morelia, Michoacán, México', 'Centro de Radioastronomía y Astrofísica, UNAM, Apdo. Postal 3-72 (Xangari), 58089 Morelia, Michoacán, México', 'Instituto de Astronomía, Universidad Nacional Autónoma de México, Ap. 70-264, 04510 DF, México', 'Centro de Radioastronomía y Astrofísica, UNAM, Apdo. Postal 3-72 (Xangari), 58089 Morelia, Michoacán, México', 'Centro de Radioastronomía y Astrofísica, UNAM, Apdo. Postal 3-72 (Xangari), 58089 Morelia, Michoacán, México', 'Centro de Radioastronomía y Astrofísica, UNAM, Apdo. Postal 3-72 (Xangari), 58089 Morelia, Michoacán, México', 'Centro de Radioastronomía y Astrofísica, UNAM, Apdo. Postal 3-72 (Xangari), 58089 Morelia, Michoacán, México', 'Centro de Radioastronomía y Astrofísica, UNAM, Apdo. Postal 3-72 (Xangari), 58089 Morelia, Michoacán, México']	['A01194', 'A01194', 'A01194', 'A01186', 'A01194', 'A01194', 'A01194', 'A01194', 'A01194']	2015	The Astrophysical Journal	811	['L4']	2015-09-00	2015-09-01T00:00:00Z	['ApJL', 'ApJL..811']	['2016ApJ...825L..10O', '2017A&A...606A..48A', '2017A&A...608A.134Y', '2017ApJ...837...53Z', '2018AJ....156...25R', '2019A&A...623A..96Y', '2021ApJ...919...55I', '2022ApJ...930...91D']	8	article	['0000-0003-2343-7937', '-', '-', '-', '-', '-', '-', '-', '-']	['ARTICLE', 'DATA', 'EPRINT_OPENACCESS', 'ESOURCE', 'OPENACCESS', 'PUB_OPENACCESS', 'REFEREED']	['ism general', '-', 'ism jets and outflows', 'stars pre main sequence', '-', '-']	('Palau, Aina', 100)	('0000-0003-2343-7937', 70)
2015ApJ...808L..46F	['First Measurements of <SUP>15</SUP>N Fractionation in N<SUB>2</SUB>H<SUP>+</SUP> toward High-mass Star-forming Cores']	['Fontani, F.', 'Caselli, P.', 'Palau, A.', 'Bizzocchi, L.', 'Ceccarelli, C.']	['INAF-Osservatorio Astrofisico di Arcetri, L.go E. Fermi 5, I-50125 Firenze, Italy', 'Max Planck Institute for Extraterrestrial Physics, Giessenbachstrasse 1, D-85748 Garching, Germany', 'Centro de Radioastronomía y Astrofísica, Universidad Nacional Autónoma de México, P.O. Box 3-72, 58090 Morelia, Michoacán, México', 'Max Planck Institute for Extraterrestrial Physics, Giessenbachstrasse 1, D-85748 Garching, Germany', 'Univ. Grenoble Alpes, IPAG, F-38000 Grenoble, France; CNRS, IPAG, F-38000 Grenoble, France']	['A03981', 'A01562', 'A01194', 'A01562', 'A05240; A05240']	2015	The Astrophysical Journal	808	['L46']	2015-08-00	2015-08-01T00:00:00Z	['ApJL', 'ApJL..808']	['2016A&A...587A..96P', '2016A&A...591A.110M', '2016A&A...592A..45D', '2016ApJ...822L..30F', '2016ApJ...827..107P', '2016IAUFM..29A.271W', '2017A&A...603A..22Z', '2017A&A...604A..26D', '2017MmSAI..88..536C', '2018A&A...609A.129C', '2018A&A...617A...7R', '2018ApJ...852..130K', '2018ApJ...857..105F', '2018ApJ...863....3B', '2018ApJ...869..121M', '2018MNRAS.474.3720W', '2018MNRAS.476.1982D', '2018MNRAS.476L..39M', '2018MNRAS.478.3693C', '2018MNRAS.481L..79F', '2019MNRAS.484.2747L', '2019MNRAS.485.5543C', '2019MNRAS.486.4805V', '2020A&A...640A..51C', '2020A&A...641A..54C', '2020A&A...644A..29R', '2020MNRAS.493.3412F', '2021A&A...645A..91B', '2021A&A...653A..87M', '2021ApJS..257...39C', '2022A&A...657A.136E', '2022A&A...664L...2S', '2022arXiv220910620C']	33	article	['0000-0003-0348-3418', '-', '-', '-', '-']	['ARTICLE', 'DATA', 'EPRINT_OPENACCESS', 'ESOURCE', 'OPENACCESS', 'PUB_OPENACCESS', 'REFEREED']	['ism molecules', 'astrochemistry', 'astronomy radio', 'stars fundamental parameters', 'astronomy submillimeter', '-']	('Palau, A.', 84)	('0000-0003-0348-3418', 63)
2015ApJ...807...55M	['First Detection of Thermal Radiojets in a Sample of Proto-brown Dwarf Candidates']	['Morata, Oscar', 'Palau, Aina', 'González, Ricardo F.', 'de Gregorio-Monsalvo, Itziar', 'Ribas, Álvaro', 'Perger, Manuel', 'Bouy, Hervé', 'Barrado, David', 'Eiroa, Carlos', 'Bayo, Amelia', 'Huélamo, Nuria', 'Morales-Calderón, María', 'Rodríguez, Luís F.']	"['Institute of Astronomy and Astrophysics, Academia Sinica, P.O. Box 23-141, Taipei 106, Taiwan', 'Centro de Radioastronomía y Astrofísica, Universidad Nacional Autónoma de México, P.O. Box 3-72, 58090 Morelia, Michoacán, México', 'Centro de Radioastronomía y Astrofísica, Universidad Nacional Autónoma de México, P.O. Box 3-72, 58090 Morelia, Michoacán, México', 'Joint ALMA Observatory (JAO), Alonso de Córdova 3107, Vitacura, Santiago, Chile; European Southern Observatory, Karl Schwarzschild Str 2, D-85748, Garching bei München, Germany', 'European Space Astronomy Centre (ESA), P.O. Box 78, E-28691 Villanueva de la Cañada, Madrid, Spain; Centro de Astrobiología, INTA-CSIC, Dpto.Astrofísica, ESAC Campus, P.O. Box 78, E-28691 Villanueva de la Cañada, Madrid, Spain; Ingeniería y Servicios Aeroespaciales-ESAC, P.O. Box 78, E-28691 Villanueva de la Cañada, Madrid, Spain', ""Institut de Ciències de l'Espai (CSIC-IEEC), Campus UAB—Facultat de Ciències, Torre C5—parell 2, E-08193 Bellaterra, Catalunya, Spain"", 'Centro de Astrobiología, INTA-CSIC, Dpto.Astrofísica, ESAC Campus, P.O. Box 78, E-28691 Villanueva de la Cañada, Madrid, Spain', 'Centro de Astrobiología, INTA-CSIC, Dpto.Astrofísica, ESAC Campus, P.O. Box 78, E-28691 Villanueva de la Cañada, Madrid, Spain', 'Departamento de Física Teórica, Facultad de Ciencias, Universidad Autónoma de Madrid, Cantoblanco, E-28049 Madrid, Spain', 'Max Planck Institut für Astronomie, Königstuhl 17, D-69117, Heidelberg, Germany; Departamento de Física y Astronomía, Facultad de Ciencias, Universidad de Valparaíso, Av. Gran Bretaña 1111, 5030 Casilla, Valparaíso, Chile', 'Centro de Astrobiología, INTA-CSIC, Dpto.Astrofísica, ESAC Campus, P.O. Box 78, E-28691 Villanueva de la Cañada, Madrid, Spain', 'Centro de Astrobiología, INTA-CSIC, Dpto.Astrofísica, ESAC Campus, P.O. Box 78, E-28691 Villanueva de la Cañada, Madrid, Spain', 'Centro de Radioastronomía y Astrofísica, Universidad Nacional Autónoma de México, P.O. Box 3-72, 58090 Morelia, Michoacán, México']"	['A03629', 'A01194', 'A01194', 'A03674; A03997', 'A04642; A04639; A04642', 'A02390', 'A04639', 'A04639', 'A11322', 'A01570; A11713', 'A04639', 'A04639', 'A01194']	2015	The Astrophysical Journal	807	['55']	2015-07-00	2015-07-01T00:00:00Z	['ApJ', 'ApJ...807']	['2015ApJ...814...15F', '2016A&A...588L...2D', '2016ApJ...826...68H', '2016ApJS..222....7L', '2017A&A...597A..17H', '2017AJ....153..209R', '2017AJ....153..221G', '2017ApJ...846...19R', '2017arXiv170400317J', '2017arXiv171200597D', '2018A&A...612A..79B', '2018A&ARv..26....3A', '2018ASPC..517..281M', '2018ASPC..517..309G', '2018ApJS..238...19T', '2018Geosc...8..362C', '2018exha.book.....P', '2020A&A...640A..13S', '2020ApJ...904L...6A', '2021A&A...646A..10S']	20	article	['-', '-', '-', '-', '-', '-', '0000-0002-7084-487X', '-', '-', '-', '-', '-', '-']	['ARTICLE', 'DATA', 'EPRINT_OPENACCESS', 'ESOURCE', 'OPENACCESS', 'PUB_OPENACCESS', 'REFEREED']	['ism general', '-', '-', '-', 'ism jets and outflows', 'astronomy radio', 'stars fundamental parameters', '-', '-']	('Palau, Aina', 100)	('0000-0002-7084-487X', 63)
2015ApJ...806L..32G	['Pre- and Post-burst Radio Observations of the Class 0 Protostar HOPS 383 in Orion']	['Galván-Madrid, Roberto', 'Rodríguez, Luis F.', 'Liu, Hauyu Baobab', 'Costigan, Gráinne', 'Palau, Aina', 'Zapata, Luis A.', 'Loinard, Laurent']	['Centro de Radioastronomía y Astrofísica, UNAM, Apdo. Postal 3-72 (Xangari), 58089 Morelia, Michoacán, México', 'Centro de Radioastronomía y Astrofísica, UNAM, Apdo. Postal 3-72 (Xangari), 58089 Morelia, Michoacán, México; Astronomy Department, Faculty of Science, King Abdulaziz University, P.O. Box 80203, Jeddah 21589, Saudi Arabia', 'Academia Sinica, Institute of Astronomy and Astrophysics, P.O. Box 23-141, Taipei 106, Taiwan', 'Leiden Observatory, University of Leiden, PB 9513, 2300 RA Leiden, The Netherlands', 'Centro de Radioastronomía y Astrofísica, UNAM, Apdo. Postal 3-72 (Xangari), 58089 Morelia, Michoacán, México', 'Centro de Radioastronomía y Astrofísica, UNAM, Apdo. Postal 3-72 (Xangari), 58089 Morelia, Michoacán, México', 'Centro de Radioastronomía y Astrofísica, UNAM, Apdo. Postal 3-72 (Xangari), 58089 Morelia, Michoacán, México']	['A01194', 'A01194; A11520', 'A03629', 'A11239', 'A01194', 'A01194', 'A01194']	2015	The Astrophysical Journal	806	['L32']	2015-06-00	2015-06-01T00:00:00Z	['ApJL', 'ApJL..806']	['2015ApJ...814...15F', '2015arXiv151006444I', '2016ApJ...816L..29L', '2016SciA....2E0875L', '2017A&A...602A..19L', '2018A&ARv..26....3A', '2018ApJ...852...18T', '2018ApJ...863L..12L', '2018ApJS..238...19T', '2019ApJ...872..183F', '2020A&A...638L...4G', '2020ApJ...904...78S', '2021ApJ...920..119L', '2022ApJ...924..104E']	14	article	['-', '-', '-', '-', '-', '0000-0003-2343-7937', '-']	['ARTICLE', 'DATA', 'EPRINT_OPENACCESS', 'ESOURCE', 'OPENACCESS', 'PUB_OPENACCESS', 'REFEREED']	['ism jets and outflows', 'astronomy radio', 'stars fundamental parameters', '-', '-', '-']	('Palau, Aina', 100)	('0000-0003-2343-7937', 70)
2006PhDT.......232P	['Star Formation in Cluster Environments at Mm and Submm Wavelengths']	['Palau, Aina']	['Universitat de Barcelona']	['A02341']	2006	Ph.D. Thesis			2006-03-00	2006-03-01T00:00:00Z	['PhDT', 'PhDT.....']	['2008A&A...481...93B', '2011arXiv1104.5185W', '2019NatSR...9.9246C']	3	phdthesis		['AUTHOR_OPENACCESS', 'ESOURCE', 'NONARTICLE', 'OPENACCESS', 'REFEREED']	['-', 'clusters general', 'astronomy radio', 'methods interferometric']	('Palau, Aina', 100)	
