06 2021yCat..18990162W ('', False) (62, False) ('', False) ['Chavez, R. G.', 62] ['Wee, J.', 'Blagorodnova, N.', 'Penprase, B. E.', 'Facey, J. P.', 'Morioka, T.', 'Corbett, H.', 'Barlow, B. N.', 'Kupfer, T.', 'Law, N. M.', 'Ratzloff, J. K.', 'Howard, W. S.', 'Chavez, R. G.', 'Glazier, A.', 'Soto, A. V.', 'Horiuchi, T.'] ['-', '-', '-', '-', '-', '-', '-', '-', '-', '-', '-', '-', '-', '-', '-']
06 1998LPI....29.1821H ('', False) (62, False) ('', False) ['Chavez, R. E.', 62] ['Hildebrand, A. R.', 'Pilkington, M.', 'Halpenny, J.', 'Cooper, R.', 'Connors, M.', 'Ortiz-Aleman, C.', 'Chavez, R. E.', 'Urrutia-Fucugauchi, J.', 'Graniel-Castro, E.', 'Camara-Zi, A.', 'Buffler, R. T.'] ['-', '-', '-', '-', '-', '-', '-', '-', '-', '-', '-']
06 1996GeoJI.127...11C ('', False) (62, False) ('', False) ['Chavez, R. E.', 62] ['Connors, M.', 'Hildebrand, A. R.', 'Pilkington, M.', 'Ortiz-Aleman, C.', 'Chavez, R. E.', 'Urrutia-Fucugauchi, J.', 'Graniel-Castro, E.', 'Camara-Zi, A.', 'Vasquez, J.', 'Halpenny, J. F.'] ['-', '-', '-', '-', '-', '-', '-', '-', '-', '-']
06 1995Metic..30Q.519H ('', False) (62, False) ('', False) ['Chavez, R. E.', 62] ['Hildebrand, A. R.', 'Pilkington, M.', 'Halpenny, J. F.', 'Ortiz-Aleman, C.', 'Chavez, R. E.', 'Urrutia-Fucugauchi, J.', 'Connors, M.', 'Graniel-Castro, E.', 'Camara-Zi, A.', 'Vasquez, J.'] ['Geophysics Division, Geological Survey of Canada, One Observatory Crescent, Bldg. 3, Ottawa, Ontario K1A 0Y3 CANADA', 'Geophysics Division, Geological Survey of Canada, One Observatory Crescent, Bldg. 3, Ottawa, Ontario K1A 0Y3 CANADA', 'Geophysics Division, Geological Survey of Canada, One Observatory Crescent, Bldg. 3, Ottawa, Ontario K1A 0Y3 CANADA', 'Geophysics Division, Geological Survey of Canada, One Observatory Crescent, Bldg. 3, Ottawa, Ontario K1A 0Y3 CANADA', 'Geophysics Division, Geological Survey of Canada, One Observatory Crescent, Bldg. 3, Ottawa, Ontario K1A 0Y3 CANADA', 'Geophysics Division, Geological Survey of Canada, One Observatory Crescent, Bldg. 3, Ottawa, Ontario K1A 0Y3 CANADA', 'Geophysics Division, Geological Survey of Canada, One Observatory Crescent, Bldg. 3, Ottawa, Ontario K1A 0Y3 CANADA', 'Geophysics Division, Geological Survey of Canada, One Observatory Crescent, Bldg. 3, Ottawa, Ontario K1A 0Y3 CANADA', 'Geophysics Division, Geological Survey of Canada, One Observatory Crescent, Bldg. 3, Ottawa, Ontario K1A 0Y3 CANADA', 'Geophysics Division, Geological Survey of Canada, One Observatory Crescent, Bldg. 3, Ottawa, Ontario K1A 0Y3 CANADA']
06 1995Natur.376..415H ('', False) (62, False) ('', False) ['Chavez, R. E.', 62] ['Hildebrand, A. R.', 'Pilkington, M.', 'Connors, M.', 'Ortiz-Aleman, C.', 'Chavez, R. E.'] ['-', '-', '-', '-', '-']
06 1995LPI....26..603H ('', False) (62, False) ('', False) ['Chavez, R. E.', 62] ['Hildebrand, A. R.', 'Pilkington, M.', 'Connors, M.', 'Ortiz-Aleman, C.', 'Chavez, R. E.'] ['-', '-', '-', '-', '-']
08 2019GeCoA.255..289A ('', False) (75, False) ('', False) ['Fritz, J. P.', 75] ['Assis Fernandes, V.', 'Hopp, J.', 'Schwarz, W. H.', 'Fritz, J. P.', 'Trieloff, M.', 'Povenmire, H.'] ['Museum für Naturkunde, Leibniz-Institute for Evolution and Biodiversity Research, Invalidenstraße 43, 10115 Berlin, Germany', 'Klaus-Tschira-Labor für Kosmochemie, Institut für Geowissenschaften, Ruprecht-Karls-Universität Heidelberg, Im Neuenheimer Feld 234-236, 69120 Heidelberg, Germany', 'Klaus-Tschira-Labor für Kosmochemie, Institut für Geowissenschaften, Ruprecht-Karls-Universität Heidelberg, Im Neuenheimer Feld 234-236, 69120 Heidelberg, Germany', 'Saalbau Weltraum Projekt, Liebigstrasse 6, 64646 Heppenheim, Germany', 'Klaus-Tschira-Labor für Kosmochemie, Institut für Geowissenschaften, Ruprecht-Karls-Universität Heidelberg, Im Neuenheimer Feld 234-236, 69120 Heidelberg, Germany', 'Florida Institute of Technology, Melbourne, FL 32901, USA']
08 2014LPICo1800.5337F ('', False) (75, False) ('', False) ['Fritz, J. P.', 75] ['Fritz, J. P.', 'Greshake, A.', 'Fernandes, V. A.', 'Holzwarth, A.'] ['-', '-', '-', '-']
08 2014LPICo1800.5350F ('', False) (75, False) ('', False) ['Fritz, J. P.', 75] ['Fritz, J. P.', 'Mohr-Westheide, T.', 'Reimold, W. U.', 'Schmitt, R. T.', 'Hofmann, A.', 'Koeberl, C.', 'McDonald, I.', 'Luais, B.', 'Tagle, R.', 'Schulz, T.', 'Mader, D.', 'Hoehnel, D.'] ['-', '-', '-', '-', '-', '-', '-', '-', '-', '-', '-', '-']
08 2014LPICo1800.5011F ('', False) (75, False) ('', False) ['Fritz, J. P.', 75] ['Fernandes, V. A.', 'Werner, S. C.', 'Fritz, J. P.'] ['-', '-', '-']
08 2014LPI....45.1274F ('', False) (75, False) ('', False) ['Fritz, J. P.', 75] ['Fernandes, V. A. S. M.', 'Hopp, J.', 'Schwarz, W.', 'Trieloff, M.', 'Reimold, W. U.', 'Fritz, J. P.'] ['-', '-', '-', '-', '-', '-']
08 2013LPI....44.1956F (68, False) (75, False) ('', False) ['Fritz, J. P.', 75] ['Fernandes, V. A.', 'Burgess, R.', 'Crowther, S. A.', 'Fritz, J. P.', 'Gilmour, J. D.', 'Irving, A.', 'Meier, M. M. M.', 'Nottingham, M.', 'Wieler, R.'] ['-', '-', '-', '-', '-', '-', '-', '-', '-']
08 2012LPICo1649...22F ('', False) (75, False) ('', False) ['Fritz, J. P.', 75] ['Fritz, J. P.', 'Fernandes, V. A. S. M.'] ['-', '-']
08 2011LPI....42.1189F ('', False) (75, False) ('', False) ['Fritz, J. P.', 75] ['Fernandes, V. A. S. M.', 'Fritz, J. P.'] ['-', '-']
08 2010epsc.conf..237F ('', False) (75, False) ('', False) ['Fritz, J. P.', 75] ['Fernandes, V. A. S. M.', 'Fritz, J. P.', 'Wünnemann, K.', 'Hornemann, U.'] ['University of Bern, Space Research &amp; Planetary Sci., Bern, Switzerland ; University of Manchester, SEAES, Manchester, UK', 'Museum für Naturkunde, Leibniz Institut an der HU-Berlin', 'Museum für Naturkunde, Leibniz Institut an der HU-Berlin', 'Ernst Mach Institut für Kurzzeitdynamik, Fraunhofer Institut']
08 2010LPICo1559...11F ('', False) (75, False) ('', False) ['Fritz, J. P.', 75] ['Fernandes, V. A. S. M.', 'Fritz, J. P.', 'Wünnemann, K.', 'Hornemann, U.'] ['-', '-', '-', '-']
08 2003ESASP.529E..41G ('', False) (67, False) ('', False) ['Fritz, J. F.', 67] ['Gourmelen, N.', 'Peyret, M.', 'Fritz, J. F.', 'Cherry, J.'] ['-', '-', '-', '-']
08 1982STIN...8220090F ('', False) (67, False) ('', False) ['Fritz, J. S.', 67] ['Fritz, J. S.', 'Kaldenbach, C. F.', 'Williams, W. B.'] ['Information Systems and Networks Corp., Chevy Chase, MD.', 'Information Systems and Networks Corp., Chevy Chase, MD.', 'Information Systems and Networks Corp., Chevy Chase, MD.']
08 1967JGR....72.4999M ('', False) (67, False) ('', False) ['Fritz, J. N.', 67] ['McQueen, R. G.', 'Marsh, S. P.', 'Fritz, J. N.'] ['-', '-', '-']
08 1964JGR....69.2947M ('', False) (67, False) ('', False) ['Fritz, J. N.', 67] ['McQueen, R. G.', 'Fritz, J. N.', 'Marsh, S. P.'] ['-', '-', '-']
08 1963JGR....68.2319M ('', False) (67, False) ('', False) ['Fritz, J. N.', 67] ['McQueen, R. G.', 'Fritz, J. N.', 'Marsh, S. P.'] ['-', '-', '-']
11 2012JAVSO..40.1038G ('', False) (86, False) ('', False) ['Gill, R. M.', 86] ['Gill, R. M.'] ['California State University']
11 2012JAVSO..40.1037G ('', False) (86, False) ('', False) ['Gill, R. M.', 86] ['Gill, R. M.', 'Burin, M. J.'] ['California State University', 'California State University']
11 2003cgrs.conf..343B ('', False) (86, False) ('', False) ['Gill, R. L.', 86] ['Brenner, D. S.', 'Barton, C. J.', 'Zamfir, N. V.', 'Caprio, M. A.', 'Aprahamian, A.', 'Beausang, C. W.', 'Berant, Z.', 'Casten, R. F.', 'Cooper, J. R.', 'Gill, R. L.', 'Kruecken, R.', 'Novak, J. R.', 'Pietralla, N.', 'Shawcross, M.', 'Teymurazyan, A.', 'Wolf, A.', 'Wiescher, M.'] ['Clark University, Worcester, MA 01610, USA', 'WNSL, Yale University, New Haven, CT 06520, USA', 'National Institute for Physics and Nuclear Engineering, Bucharest Magurele, Romania', 'WNSL, Yale University, New Haven, CT 06520, USA', 'University of Notre Dame, Notre Dame, IN 46556, USA', 'WNSL, Yale University, New Haven, CT 06520, USA', 'Nuclear Research Center, Negev, Israel', 'WNSL, Yale University, New Haven, CT 06520, USA', 'WNSL, Yale University, New Haven, CT 06520, USA', 'Brookhaven National Laboratory, Upton, NY 11973, USA', 'WNSL, Yale University, New Haven, CT 06520, USA', 'WNSL, Yale University, New Haven, CT 06520, USA', 'WNSL, Yale University, New Haven, CT 06520, USA', 'University of Notre Dame, Notre Dame, IN 46556, USA', 'University of Notre Dame, Notre Dame, IN 46556, USA', 'Nuclear Research Center, Negev, Israel', 'University of Notre Dame, Notre Dame, IN 46556, USA']
11 2003ESASP.529E..55G ('', False) (86, False) ('', False) ['Gill, R. S.', 86] ['Gill, R. S.'] ['-']
11 2003ESASP.529E..56G ('', False) (86, False) ('', False) ['Gill, R. S.', 86] ['Gill, R. S.'] ['-']
11 2003PhRvC..67c4310B ('', False) (86, False) ('', False) ['Gill, R. L.', 86] ['Barton, C. J.', 'Brenner, D. S.', 'Zamfir, N. V.', 'Caprio, M. A.', 'Aprahamian, A.', 'Wiescher, M. C.', 'Beausang, C. W.', 'Berant, Z.', 'Casten, R. F.', 'Cooper, J. R.', 'Gill, R. L.', 'Krücken, R.', 'Novak, J. R.', 'Pietralla, N.', 'Shawcross, M.', 'Teymurazyan, A.', 'Wolf, A.'] ['WNSL, Yale University, New Haven, Connecticut 06520', 'WNSL, Yale University, New Haven, Connecticut 06520', 'WNSL, Yale University, New Haven, Connecticut 06520', 'WNSL, Yale University, New Haven, Connecticut 06520', 'WNSL, Yale University, New Haven, Connecticut 06520', 'WNSL, Yale University, New Haven, Connecticut 06520', 'WNSL, Yale University, New Haven, Connecticut 06520', 'WNSL, Yale University, New Haven, Connecticut 06520', 'WNSL, Yale University, New Haven, Connecticut 06520', 'WNSL, Yale University, New Haven, Connecticut 06520', 'WNSL, Yale University, New Haven, Connecticut 06520', 'WNSL, Yale University, New Haven, Connecticut 06520', 'WNSL, Yale University, New Haven, Connecticut 06520', 'WNSL, Yale University, New Haven, Connecticut 06520', 'WNSL, Yale University, New Haven, Connecticut 06520', 'WNSL, Yale University, New Haven, Connecticut 06520', 'WNSL, Yale University, New Haven, Connecticut 06520']
11 2001PhRvC..63c4314T ('', False) (86, False) ('', False) ['Gill, R. L.', 86] ['Tomlin, B. E.', 'Barton, C. J.', 'Zamfir, N. V.', 'Caprio, M. A.', 'Gill, R. L.', 'Krücken, R.', 'Novak, J. R.', 'Cooper, J. R.', 'Zyromski, K. E.', 'Cata-Danil, G.', 'Beausang, C. W.', 'Wolf, A.', 'Pietralla, N. A.', 'Newman, H.', 'Cederkall, J.', 'Liu, Benyuan', 'Wang, Z.', 'Casten, R. F.', 'Brenner, D. S.'] ['Clark University, Worcester, Massachusetts 01610', 'Clark University, Worcester, Massachusetts 01610', 'Clark University, Worcester, Massachusetts 01610', 'Clark University, Worcester, Massachusetts 01610', 'Clark University, Worcester, Massachusetts 01610', 'Clark University, Worcester, Massachusetts 01610', 'Clark University, Worcester, Massachusetts 01610', 'Clark University, Worcester, Massachusetts 01610', 'Clark University, Worcester, Massachusetts 01610', 'Clark University, Worcester, Massachusetts 01610', 'Clark University, Worcester, Massachusetts 01610', 'Clark University, Worcester, Massachusetts 01610', 'Clark University, Worcester, Massachusetts 01610', 'Clark University, Worcester, Massachusetts 01610', 'Clark University, Worcester, Massachusetts 01610', 'Clark University, Worcester, Massachusetts 01610', 'Clark University, Worcester, Massachusetts 01610', 'Clark University, Worcester, Massachusetts 01610', 'Clark University, Worcester, Massachusetts 01610']
11 1996ESASP.391..107G ('', False) (86, False) ('', False) ['Gill, R. S.', 86] ['Gill, R. S.'] ['-']
11 1996ESASP.383..199G ('', False) (86, False) ('', False) ['Gill, R. S.', 86] ['Gill, R. S.', 'Nielsen, Poul', 'Valeur, Hans, H.'] ['-', '-', '-']
11 1993E&PSL.115..227H ('', False) (54, False) ('', False) ['Gill, R. C. O.', 54] ['Holm, P. M.', 'Gill, R. C. O.', 'Pedersen, A. K.', 'Larsen, J. G.', 'Hald, N.', 'Nielsen, T. F. D.', 'Thirlwall, M. F.'] ['Geology Department, University of Copenhagen, Øster Voldgade 10, DK-1350 Copenhagen ,Denmark', 'Geology Department, Royal Holloway and Bedford New College, University of London, Egham Hill, Egham, Surrey TW20 0EX, UK', 'Geological Museum, University of Copenhagen, Øster Voldgade 5-7, DK-1350 Copenhagen ,Denmark', 'Haldor Topsøe A / S, Nymøllevej 55, DK-2800 Lyngby ,Denmark', 'Geological Museum, University of Copenhagen, Øster Voldgade 5-7, DK-1350 Copenhagen ,Denmark', 'Geological Survey of Greenland, Øster Voldgade 10, DK-1350 Copenhagen ,Denmark', 'Geology Department, Royal Holloway and Bedford New College, University of London, Egham Hill, Egham, Surrey TW20 0EX, UK']
11 1988JATP...50.1057Q ('', False) (86, False) ('', False) ['Gill, R. S.', 86] ['Quegan, S.', 'Gill, R. S.', 'Lockwood, M.'] ['Sheffield, University, England', 'GEC Research, Ltd., Marconi Research Centre, Chelmsford, England', 'SERC, Rutherford Appleton Laboratory, Didcot, England']
11 1987PhRvC..36..758W ('', False) (86, False) ('', False) ['Gill, R. L.', 86] ['Winger, J. A.', 'Hill, John C.', 'Wohn, F. K.', 'Moreh, R.', 'Gill, R. L.', 'Casten, R. F.', 'Warner, D. D.', 'Piotrowski, A.', 'Mach, H.'] ['Ames Laboratory, Iowa State University, Ames, Iowa 50011', 'Ames Laboratory, Iowa State University, Ames, Iowa 50011', 'Ames Laboratory, Iowa State University, Ames, Iowa 50011', 'Ames Laboratory, Iowa State University, Ames, Iowa 50011', 'Brookhaven National Laboratory, Upton, New York 11973', 'Brookhaven National Laboratory, Upton, New York 11973', 'Brookhaven National Laboratory, Upton, New York 11973', 'Brookhaven National Laboratory, Upton, New York 11973', 'Clark University, Worcester, Massachusetts 01610; University of Maryland, College Park, Maryland 20742']
11 1986PhRvL..56.1874G ('', False) (86, False) ('', False) ['Gill, R. L.', 86] ['Gill, R. L.', 'Casten, R. F.', 'Warner, D. D.', 'Piotrowski, A.', 'Mach, H.'] ['Brookhaven National Laboratory, Upton, NY', 'Brookhaven National Laboratory, Upton, NY', 'Brookhaven National Laboratory, Upton, NY', 'Brookhaven National Laboratory, Upton, NY', 'Clark University, Worcester, MA; Maryland, University, College Park']
11 1986PhRvL..56.1547M ('', False) (86, False) ('', False) ['Gill, R. L.', 86] ['Mach, H.', 'Piotrowski, A.', 'Gill, R. L.', 'Casten, R. F.', 'Warner, D. D.'] ['Brookhaven National Laboratory, Upton, NY; Clark University, Worcester, MA; Maryland, University, College Park', 'Brookhaven National Laboratory, Upton, NY', 'Brookhaven National Laboratory, Upton, NY', 'Brookhaven National Laboratory, Upton, NY', 'Brookhaven National Laboratory, Upton, NY']
11 1984ESASP.220..133J ('', False) (86, False) ('', False) ['Gill, R. S.', 86] ['Jordan, C.', 'Mendoza, B.', 'Gill, R. S.'] ['Oxford Univ. (England).', 'Oxford Univ. (England).', 'Oxford Univ. (England).']
11 1984srps.conf..335G ('', False) (86, False) ('', False) ['Gill, R. S.', 86] ['Gill, R. S.', 'Roxburgh, I. W.'] ['-', '-']
11 1981ppnf.book.....G ('', False) (86, False) ('', False) ['Gill, R. D.', 86] ['Gill, R. D.'] ['-']
11 1976E&PSL..29..276G ('', False) (54, False) ('', False) ['Gill, R. C. O.', 54] ['Gill, R. C. O.', 'Bridgwater, D.'] ['Department of Geology, University of Western Ontario, London, Ont. Canada', 'Geological Survey of Greenland, Copenhagen Denmark']
11 1970GeCoA..34..518F ('', False) (54, False) ('', False) ['Gill, R. C. O.', 54] ['Fitton, J. G.', 'Gill, R. C. O.'] ['Department of Geology, University of Durham, Durham, England', 'Department of Geology, University of Durham, Durham, England']
12 2020sea..confE.250C (74, False) (90, False) ('', False) ['Gómez, G.', 90] ['Ceballos, M. T.', 'Carrera, F. J.', 'Corral, A.', 'Gómez, G.', 'Herranz, D.', 'Martínez, C.', 'Martínez-Núñez, S.', 'Monterde, M. P.', 'Moya, D.', 'Piedra, J.', 'Seror, M.', 'Vielva, P.', 'Vilar, R.', 'Cardiel, N.', 'Cobo, B.', 'Diego-Palazuelos, P.', 'de la Hoz, E.', 'León, I.', 'Manjón, A.', 'Martínez, G.', 'Ordovás, I.', 'IFCA-Difusion Group'] ['Instituto de Física de Cantabria (CSIC-UC), Spain', '-', '-', '-', '-', '-', '-', '-', '-', '-', '-', '-', '-', '-', '-', '-', '-', '-', '-', '-', '-', '-']
12 2020AcAau.167..146M ('', False) (90, False) ('', False) ['Gómez, G.', 90] ['Machuca, P.', 'Sánchez, J. P.', 'Masdemont, J. J.', 'Gómez, G.'] ['Space Research Group, Cranfield University, Cranfield, United Kingdom', 'Space Research Group, Cranfield University, Cranfield, United Kingdom', 'IEEC &amp; Departament de Matemàtiques, Universitat Politècnica de Catalunya, Barcelona, Spain', 'IEEC &amp; Departament de Matemàtiques i Informàtica, Universitat de Barcelona, Barcelona, Spain']
12 2017GCN.21459....1C ('', False) (90, False) ('', False) ['Gómez, G.', 90] ['Castro-Tirado, A. J.', 'Pérez del Pulgar, C.', 'Martín Márquez, R.', 'Castellón, A.', 'Jelínek, M.', 'Cunniffe, R.', 'Hu, Y.', 'González-Rodríguez, A.', 'Peseev, P.', 'Gómez, G.', 'Alonso, A.'] ['-', '-', '-', '-', '-', '-', '-', '-', '-', '-', '-']
12 2016ASPC..507..181L ('', False) (90, False) ('', False) ['Gómez, G.', 90] ['López, R.', 'Acosta-Pulido, J. A.', 'Estalella, R.', 'Gómez, G.', 'García-Lorenzo, B.'] ["UB, Departament d'Astronomia i Meteorologia, Barcelona, 08028, Spain", 'IAC, IAC, La Laguna, Tenerife, 38205, Spain', "UB, Departament d'Astronomia i Meteorologia, Barcelona, 08028, Spain", 'GRANTECAN S.A., Bre\\ na Baja, La Palma, 38712, Spain', 'IAC, IAC, La Laguna, Tenerife, 38205, Spain']
12 2015AdSpR..56.1502S ('', False) (90, False) ('', False) ['Gómez, G.', 90] ['Salazar, F. J. T.', 'Winter, O. C.', 'Macau, E. E.', 'Masdemont, J. J.', 'Gómez, G.'] ['UNESP-Grupo de Dinâmica Orbital e Planetologia, Guaratinguetá SP 12516-410, Brazil', 'UNESP-Grupo de Dinâmica Orbital e Planetologia, Guaratinguetá SP 12516-410, Brazil', 'Instituto Nacional de Pesquisas Espaciais, Av. dos Astronautas 1758, São José dos Campos SP 12227-010, Brazil', 'Departament de Matemàtica Aplicada I, ETSEIB-UPC, Avda. Diagonal 647, 08028 Barcelona, Spain', 'Departament de Matemàtica Aplicada i Anàlisi, UB, Gran Vía 585, 08007 Barcelona, Spain']
12 2015AdSpR..56..144S ('', False) (90, False) ('', False) ['Gómez, G.', 90] ['Salazar, F. J. T.', 'Winter, O. C.', 'Macau, E. E.', 'Masdemont, J. J.', 'Gómez, G.'] ['UNESP-Grupo de Dinâmica Orbital e Planetologia, Guaratinguetá, SP 12516-410, Brazil', 'UNESP-Grupo de Dinâmica Orbital e Planetologia, Guaratinguetá, SP 12516-410, Brazil', 'Instituto Nacional de Pesquisas Espaciais, Av. dos Astronautas 1758, São José dos Campos, SP 12227-010, Brazil', 'Departament de Matemàtica Aplicada I, ETSEIB-UPC, Avda. Diagonal 647, 08028 Barcelona, Spain', 'Departament de Matemàtica Aplicada i Anàlisi, UB, Gran Vía 585, 08007 Barcelona, Spain']
12 2015MNRAS.447.2588L ('', False) (90, False) ('', False) ['Gómez, G.', 90] ['López, R.', 'Acosta-Pulido, J. A.', 'Estalella, R.', 'Gómez, G.', 'García-Lorenzo, B.'] ["Departament d'Astronomia i Meteorologia (IEEC-UB), Institut de Cièncias del Cosmos, U. de Barcelona, Martí i Franquès 1, E-08028 Barcelona, Spain", 'Instituto de Astrofísica de Canarias, E-38200 La Laguna, Spain; Departamento de Astrofísica, Universidad de La Laguna, E-38205, Tenerife, Spain', "Departament d'Astronomia i Meteorologia (IEEC-UB), Institut de Cièncias del Cosmos, U. de Barcelona, Martí i Franquès 1, E-08028 Barcelona, Spain", 'GTC Project Office, GRANTECAN S.A. (CALP), E-38712 Breña Baja, La Palma, Spain.; Instituto de Astrofísica de Canarias, E-38200 La Laguna, Spain', 'Instituto de Astrofísica de Canarias, E-38200 La Laguna, Spain; Departamento de Astrofísica, Universidad de La Laguna, E-38205, Tenerife, Spain']
12 2014AdSpR..54.1838S ('', False) (90, False) ('', False) ['Gómez, G.', 90] ['Salazar, F. J. T.', 'Masdemont, J. J.', 'Gómez, G.', 'Macau, E. E.', 'Winter, O. C.'] ['UNESP-Grupo de Dinâmica Orbital e Planetologia, Guaratinguetá, SP 12516-410, Brazil', 'Departament de Matemàtica Aplicada I, ETSEIB-UPC, Avda. Diagonal 647, 08028 Barcelona, Spain', 'Departament de Matemàtica Aplicada i Anàlisi, UB, Gran Vía 585, 08007 Barcelona, Spain', 'Instituto Nacional de Pesquisas Espaciais, Av. dos Astronautas 1758, São José dos Campos, SP 12227-010, Brazil', 'UNESP-Grupo de Dinâmica Orbital e Planetologia, Guaratinguetá, SP 12516-410, Brazil']
12 2012MNRAS.424.1817L ('', False) (90, False) ('', False) ['Gómez, G.', 90] ['López, R.', 'García-Lorenzo, B.', 'Estalella, R.', 'Riera, A.', 'Carrasco-González, C.', 'Gómez, G.'] ["Departament d'Astronomia i Meteorologia (IEEC-UB), Institut de Cièncias del Cosmos, Universitat de Barcelona, Martí i Franquès 1, E-08028, Barcelona, Spain", 'Instituto de Astrofísica de Canarias, E-38200, La Laguna, Spain,; Departamento de Astrofísica, Universidad de La Laguna, E-38205, Tenerife, Spain', "Departament d'Astronomia i Meteorologia (IEEC-UB), Institut de Cièncias del Cosmos, Universitat de Barcelona, Martí i Franquès 1, E-08028, Barcelona, Spain", "Dept. Física i Enginyeria Nuclear, EUETI de Barcelona, Universitat Politècnica de Catalunya, Comte d'Urgell 187, E-08036, Barcelona, Spain", 'Max-Planck-Institut für Radioastronomie (MPIfR), Auf dem Hügel 69, 53121, Bonn, Germany', 'Instituto de Astrofísica de Canarias, E-38200, La Laguna, Spain,; GTC Project Office, GRANTECAN SA (CALP), E-38712, Breña Baja, La Palma Spain']
12 2012iac..talk..397H (74, False) (90, False) ('', False) ['Gómez, G.', 90] ['Heiner, J.', 'Vázquez-Semadeni, E.', 'Ballesteros-Paredes, J.', 'Gómez, G.', 'Allen, R.', 'Robert, C.', 'Drissen, L.', 'Rousseau-Nepton, L.', 'Alarie, A.', 'Martin, T.', 'Knapen, J.', 'Sánchez-Gallego, J.', 'Israel, F.'] ['-', '-', '-', '-', '-', '-', '-', '-', '-', '-', '-', '-', '-']
12 2010A&A...523A..16L ('', False) (90, False) ('', False) ['Gómez, G.', 90] ['López, R.', 'Acosta-Pulido, J. A.', 'Gómez, G.', 'Estalella, R.', 'Carrasco-González, C.'] ["Departament d'Astronomia i Meteorologia (IEEC-UB), Institut de Ciènciasdel Cosmos, Universitat de Barcelona, Martí i Franquès 1, 08028 Barcelona, Spain", 'Instituto de Astrofísica de Canarias, 38200La Laguna, Tenerife, Spain ; Departamento de Astrofísica, Universidad de La Laguna, 38205 La Laguna, Tenerife, Spain', 'Instituto de Astrofísica de Canarias, 38200La Laguna, Tenerife, Spain; GTC Office, Spain', "Departament d'Astronomia i Meteorologia (IEEC-UB), Institut de Ciènciasdel Cosmos, Universitat de Barcelona, Martí i Franquès 1, 08028 Barcelona, Spain", 'Instituto Astrofísica Andalucía, CSIC, CaminoBajo de Huétor 50, 18008 Granada, Spain']
12 2010MNRAS.406.2193L ('', False) (90, False) ('', False) ['Gómez, G.', 90] ['López, R.', 'García-Lorenzo, B.', 'Sánchez, S. F.', 'Gómez, G.', 'Estalella, R.', 'Riera, A.'] ["Departament d'Astronomia i Meteorologia (IEEC-UB), Institut de Cièncias del Cosmos, Universitat de Barcelona, Martí i Franquès 1, E-08028 Barcelona, Spain", 'Instituto de Astrofísica de Canarias, E-38200 La Laguna, Spain; Departamento de Astrofísica, Universidad de La Laguna, E-38205 Tenerife, Spain', 'Centro de Estudios de Física del Cosmos de Aragón (CEFCA), C/General Pizarro 1, E-41001 Teruel, Spain; Fundación Agencia Aragonesa para la Investigación y el Desarrollo (ARAID), Departamento de Ciencia, Tecnología y Universidad del Gobierno de Aragón, Paseo María Agustín 36, E-50004 Zaragoza, Spain; Centro Astronómico Hispano-Alemán, Calar Alto, (CSIC-MPG), C/Jesús Durbán Remón 2-2, E-04004 Almeria, Spain', 'GTC Project Office, GRANTECAN S.A. (CALP), E-38712 Breña Baja, La Palma, Spain; Instituto de Astrofísica de Canarias, E-38200 La Laguna, Spain', "Departament d'Astronomia i Meteorologia (IEEC-UB), Institut de Cièncias del Cosmos, Universitat de Barcelona, Martí i Franquès 1, E-08028 Barcelona, Spain", "Department Física i Enginyeria Nuclear. EUETI de Barcelona. Universitat Politècnica de Catalunya. Comte d'Urgell 187, E-08036 Barcelona, Spain"]
12 2009RMxAC..35..313A ('', False) (90, False) ('', False) ['Gómez, G.', 90] ['Alonso, E.', 'Pacheco, A.', 'Actis, E.', 'Podestá, R.', 'González, A.', 'Gómez, G.', 'Manrique, W.', 'Alacoria, J.', 'Peñaloza, L.', 'Petrucci, R.', 'Jofré, E.', 'Tejada, P.', 'Duplancic, F.', 'Petruzzi, R.', 'Molina, S.', 'Zezhi, W.', 'Qiyuang, Q.', 'Zhifang, Z.', 'Hongi, W.', 'Lizhi, L.', 'Fan Miao, Z.', 'Weidong, L.', 'Shao, G.'] ['Observatorio Astronómico Félix Aguilar, Universidad Nacional de San Juan, Argentina.', '-', '-', '-', '-', '-', '-', '-', '-', '-', '-', '-', '-', '-', '-', '-', '-', '-', '-', '-', '-', '-', '-']
12 2008MNRAS.391.1107L ('', False) (90, False) ('', False) ['Gómez, G.', 90] ['López, R.', 'García-Lorenzo, B.', 'Sánchez, S. F.', 'Gómez, G.', 'Estalella, R.', 'Riera, A.'] ["Departament d'Astronomia i Meteorologia, Universitat de Barcelona, Martí i Franquès 1, E-08028 Barcelona, Spain", 'Instituto de Astrofísica de Canarias, E-38200 La Laguna, Spain', 'Centro Astronómico Hispano-Alemán de Calar Alto, Jesús Durban Remón 2-2, E-04004 Almería, Spain', 'Instituto de Astrofísica de Canarias, E-38200 La Laguna, Spain; GTC Project Office, GRANTECAN S.A. (CALP), E-38712 Breña Baja, La Palma, Spain', "Departament d'Astronomia i Meteorologia, Universitat de Barcelona, Martí i Franquès 1, E-08028 Barcelona, Spain", "Departament Física i Enginyeria Nuclear, EUETI de Barcelona, Universitat Politècnica de Catalunya, Comte d'Urgell 187, E-08036 Barcelona, Spain"]
12 2008MNRAS.384..464L ('', False) (90, False) ('', False) ['Gómez, G.', 90] ['López, R.', 'Sánchez, S. F.', 'García-Lorenzo, B.', 'Gómez, G.', 'Estalella, R.', 'Riera, A.', 'Busquet, G.'] ["Departament d'Astronomia i Meteorologia, Universitat de Barcelona, Martí i Franquès 1, E-08028 Barcelona, Spain", 'Centro Astronómico Hispano-Alemán de Calar Alto, Jesús Durban Remon 2-2, E-04004 Almería, Spain', 'Instituto de Astrofísica de Canarias, E-38200 La Laguna, Spain', 'Instituto de Astrofísica de Canarias, E-38200 La Laguna, Spain; GTC Project Office, GRANTECAN S.A. (CALP), E-38712 Breña Baja, La Palma, Spain', "Departament d'Astronomia i Meteorologia, Universitat de Barcelona, Martí i Franquès 1, E-08028 Barcelona, Spain", "Departament Física i Enginyeria Nuclear, EUETI de Barcelona, Universitat Politècnica de Catalunya, Compte d'Urgell 187, E-08036 Barcelona, Spain", "Departament d'Astronomia i Meteorologia, Universitat de Barcelona, Martí i Franquès 1, E-08028 Barcelona, Spain"]
12 2007CeMDA..97...87G ('', False) (90, False) ('', False) ['Gómez, G.', 90] ['García, F.', 'Gómez, G.'] ['Departament Matemàtica Aplicada i Anàlisi, Universitat de Barcelona, Barcelona, Spain', 'Departament Matemàtica Aplicada i Anàlisi, Universitat de Barcelona, Barcelona, Spain']
12 2007spts.conf..343L (0, False) (90, False) ('', False) ['Gómez, G.', 90] ['López, R.', 'Sánchez, S. F.', 'García-Lorenzo, B.', 'Estalella, R.', 'Gómez, G.', 'Riera, A.', 'Exter, K.'] ["Dept. d'Astronomía i Meteorología. U", 'Centro Astronómico Hispano-Alemán de Calar Alto.', 'Instituto de Astrofísica de Canarias', "Dept. d'Astronomía i Meteorología. U", 'Instituto de Astrofísica de Canarias', 'Dept. Física i Enginyería Nuclear EU Vilanova i la Geltrú', 'Instituto de Astrofísica de Canarias']
12 2006ApJ...648L..83D (74, False) (90, False) ('', False) ['Gómez, G.', 90] ['de Ugarte Postigo, A.', 'Castro-Tirado, A. J.', 'Guziy, S.', 'Gorosabel, J.', 'Jóhannesson, G.', 'Aloy, M. A.', 'McBreen, S.', 'Lamb, D. Q.', 'Benitez, N.', 'Jelínek, M.', 'Pandey, S. B.', 'Coe, D.', 'Pérez-Ramírez, M. D.', 'Aceituno, F. J.', 'Alises, M.', 'Acosta-Pulido, J. A.', 'Gómez, G.', 'López, R.', 'Donaghy, T. Q.', 'Nakagawa, Y. E.', 'Sakamoto, T.', 'Ricker, G. R.', 'Hearty, F. R.', 'Bayliss, M.', 'Gyuk, G.', 'York, D. G.'] ['Instituto de Astrofísica de Andalucía (IAA-CSIC), Camino Bajo de Huétor 50, E-18008 Granada, Spain.', 'Instituto de Astrofísica de Andalucía (IAA-CSIC), Camino Bajo de Huétor 50, E-18008 Granada, Spain.', 'Instituto de Astrofísica de Andalucía (IAA-CSIC), Camino Bajo de Huétor 50, E-18008 Granada, Spain; Nikolaev State University, Nikolska 24, 54030 Nikolaev, Ukraine.', 'Instituto de Astrofísica de Andalucía (IAA-CSIC), Camino Bajo de Huétor 50, E-18008 Granada, Spain.', 'Science Institute, University of Iceland, Dunhaga 3, IS-107 Reykjavik, Iceland.', 'Max-Planck-Institut für Astrophysik, D-85741 Garching bei München, Germany; Departamento de Astronomía y Astrofísica, Universidad de Valencia, E-46100 Burjassot, Spain.', 'Max-Planck-Institut für extraterrestrische Physik, Garching bei München, Germany', 'Department of Astronomy and Astrophysics, University of Chicago, Chicago, IL 60637.', 'Instituto de Astrofísica de Andalucía (IAA-CSIC), Camino Bajo de Huétor 50, E-18008 Granada, Spain.', 'Instituto de Astrofísica de Andalucía (IAA-CSIC), Camino Bajo de Huétor 50, E-18008 Granada, Spain.', 'Instituto de Astrofísica de Andalucía (IAA-CSIC), Camino Bajo de Huétor 50, E-18008 Granada, Spain.', 'Instituto de Astrofísica de Andalucía (IAA-CSIC), Camino Bajo de Huétor 50, E-18008 Granada, Spain.', 'Departamento de Física (EPS), Universidad de Jaén, E-23071 Jaén, Spain.', 'Instituto de Astrofísica de Andalucía (IAA-CSIC), Camino Bajo de Huétor 50, E-18008 Granada, Spain.', 'Calar Alto Observatory, Apartado de Correos 511, E-04080 Almería, Spain.', 'Instituto de Astrofísica de Canarias, Vía Láctea s/n, E-38200 La Laguna, Tenerife, Spain.', 'Instituto de Astrofísica de Canarias, Vía Láctea s/n, E-38200 La Laguna, Tenerife, Spain.', "Departament d'Astronomia i Meteorologia, Universitat de Barcelona, Av. Diagonal 647, E-08028 Barcelona, Spain.", 'Department of Astronomy and Astrophysics, University of Chicago, Chicago, IL 60637.', 'Department of Physics and Mathematics, Aoyama Gakuin University, Fuchinobe 5-10-1, Sagamihara, Kanagawa 229-8558, Japan.', 'NASA Goddard Space Flight Center, Greenbelt, MD 20771.', 'MIT Kavli Institute, Massachusetts Institute of Technology, 70 Vassar Street, Cambridge, MA 02139.', 'Center for Astrophysics and Space Astronomy, University of Colorado, Boulder, CO 80303.', 'Department of Astronomy and Astrophysics, University of Chicago, Chicago, IL 60637.', 'Department of Astronomy and Astrophysics, University of Chicago, Chicago, IL 60637.', 'Department of Astronomy and Astrophysics, University of Chicago, Chicago, IL 60637.']
12 2006A&A...454..233L ('', False) (90, False) ('', False) ['Gómez, G.', 90] ['López, R.', 'Estalella, R.', 'Gómez, G.', 'Riera, A.'] ["Departament d'Astronomia i Meteorologia, Universitat de Barcelona, Av. Diagonal 647, 08028 Barcelona, Spain", "Departament d'Astronomia i Meteorologia, Universitat de Barcelona, Av. Diagonal 647, 08028 Barcelona, Spain", 'Instituto de Astrofísica de Canarias, 38200 La Laguna, Tenerife, Spain', "Departament de Física i Enginyeria Nuclear, Universitat Politècnica de Catalunya, Av. Víctor Balaguer s/n, 08800 Vilanova i la Geltrú, Spain ; Departament d'Astronomia i Meteorologia, Universitat de Barcelona, Av. Diagonal 647, 08028 Barcelona, Spain"]
12 2006CeMDA..94..197G ('', False) (90, False) ('', False) ['Gómez, G.', 90] ['Gómez, G.', 'Marcote, M.'] ['Departament Matemàtica Aplicada i Anàlisi, Universitat de Barcelona, Barcelona, Spain', 'Departament Matemàtica Aplicada i Anàlisi, Universitat de Barcelona, Barcelona, Spain']
12 2005INGN....9...14G (63, False) (90, False) ('', False) ['Gómez, G.', 90] ['Gómez, G.', 'López, R.', 'Acosta-Pulido, J.', 'Manchado, A.'] ['IAC', "Departament d'Astronomia i Meteorologia, Universitat de Barcelona", 'IAC', 'IAC']
12 2004Nonli..17.1571G ('', False) (90, False) ('', False) ['Gómez, G.', 90] ['Gómez, G.', 'Koon, W. S.', 'Lo, M. W.', 'Marsden, J. E.', 'Masdemont, J.', 'Ross, S. D.'] ['Departament de Matemàtica Aplicada i Anàlisi, Universitat de Barcelona, Barcelona, Spain', 'Control and Dynamical Systems, California Institute of Technology, MC 107-81, Pasadena, CA 91125, USA; Department of Material Science, Himeji Institute of Technology, Kamigori 678-1297, Japan', 'Navigation and Mission Design, Jet Propulsion Laboratory, California Institute of Technology, M/S 301-140L, Pasadena, CA 91109, USA', 'Control and Dynamical Systems, California Institute of Technology, MC 107-81, Pasadena, CA 91125, USA', 'Departament de Matemàtica Aplicada I, Universitat Politècnica de Catalunya, Barcelona, Spain', 'Control and Dynamical Systems, California Institute of Technology, MC 107-81, Pasadena, CA 91125, USA']
12 2004AdSpR..34..637B ('', False) (90, False) ('', False) ['Gómez, G.', 90] ['Beichman, C.', 'Gómez, G.', 'Lo, M.', 'Masdemont, J.', 'Romans, L.'] ['Jet Propulsion Laboratory, California Institute of Technology, 4800 Oak Grove Dr., Pasadena, CA 91109, USA', 'Dpt. de Matemàtica Aplicada i Anàlisi, Universitat de Barcelona, Gran Via 585, 08007 Barcelona, Spain', 'Jet Propulsion Laboratory, California Institute of Technology, 4800 Oak Grove Dr., Pasadena, CA 91109, USA', 'Dpt. Matemàtica Aplicada, Universitat Politècnica de Catalunya, Diagonal 647, 08028 Barcelona, Spain', 'Jet Propulsion Laboratory, California Institute of Technology, 4800 Oak Grove Dr., Pasadena, CA 91109, USA']
12 2002A&A...390..733G ('', False) (90, False) ('', False) ['Gómez, G.', 90] ['Gómez, G.', 'Masdemont, J. J.', 'Mondelo, J. M.'] ["Departament de Matemàtica Aplicada i Anàlisi, Universitat de Barcelona, Gran Via 585, 08007 Barcelona, Spain; Institut d'Estudis Espacials de Catalunya, Edifici Nexus, Gran Capità2-4, 08034 Barcelona, Spain", "Departament de Matemàtica Aplicada I, Universitat Politècnica de Catalunya, E.T.S.E.I.B., Diagonal 647, 08028 Barcelona, Spain; Institut d'Estudis Espacials de Catalunya, Edifici Nexus, Gran Capità2-4, 08034 Barcelona, Spain", 'Departament de Matemàtica Aplicada I, Universitat Politècnica de Catalunya, E.T.S.E.I.B., Diagonal 647, 08028 Barcelona, Spain']
12 2002AJ....123..328G ('', False) (90, False) ('', False) ['Gómez, G.', 90] ['Gómez, G.', 'López, R.'] ['Instituto de Astrofísica de Canarias, Calle Vía Lactea, E-38200 La Laguna, Tenerife, Spain', "Departament d'Astronomía i Meteorología, Universitat de Barcelona, Avenids Diagonal 647, E-08028 Barcelona, Spain"]
12 2000AJ....120..367G ('', False) (90, False) ('', False) ['Gómez, G.', 90] ['Gómez, G.', 'López, R.'] ['Instituto de Astrofísica de Canarias, E-38200, La Laguna, Spain', "Departament d'Astronomia i Meteorologia, Universitat de Barcelona, Spain"]
12 1998Ap&SS.263..295G ('', False) (90, False) ('', False) ['Gómez, G.', 90] ['Gómez, G.', 'López, R.'] ['Instituto de Astrofísica de Canarias Vía Láctea s/n, E-38200 La Laguna, Tenerife, Spain', 'Dep. Astronomia i Meteorologia. U. de Barcelona Avda. Diagonal 647, E-08028 Barcelona, Spain']
12 1998AJ....115.1096G ('', False) (90, False) ('', False) ['Gómez, G.', 90] ['Gómez, G.', 'López, R.'] ['-', '-']
12 1998BAAA...42Q..15M ('', False) (90, False) ('', False) ['Gómez, G.', 90] ['Manrique, W. T.', 'Podestá, R. C.', 'Alonso, E.', 'Actis, E. V.', 'Pacheco, A. M.', 'Bustos, G.', 'Lizhi, L.', 'Zezhi, W.', 'Fanmiao, Z.', 'Hongqi, W.', 'Perdomo, R.', 'González, A.', 'Gómez, G.'] ['-', '-', '-', '-', '-', '-', '-', '-', '-', '-', '-', '-', '-']
12 1996BAAA...40...14G ('', False) (90, False) ('', False) ['Gómez, G.', 90] ['Gil-Hutton, R.', 'Caballero, M.', 'Coldwell, G.', 'Cañada, M.', 'Godoy, G.', 'Trozzo, C.', 'Gómez, G.'] ['-', '-', '-', '-', '-', '-', '-']
12 1995ASIB..336..343S ('', False) (90, False) ('', False) ['Gómez, G.', 90] ['Simó, C.', 'Gómez, G.', 'Jorba, A.', 'Masdemont, J.'] ['-', '-', '-', '-']
12 1994BAAA...39..160F ('', False) (90, False) ('', False) ['Gómez, G.', 90] ['Francile, C.', 'Gil-Hutton, R.', 'González, A.', 'Gómez, G.', 'Cornudella, A.'] ['-', '-', '-', '-', '-']
12 1992Gemin..38....9G ('', False) (90, False) ('', False) ['Gómez, G.', 90] ['Gómez, G.', 'López, R.'] ['-', '-']
12 1991ASIB..272..433G ('', False) (90, False) ('', False) ['Gómez, G.', 90] ['Gómez, G.', 'Jorba, À.', 'Masdemont, J.', 'Simó, C.'] ['-', '-', '-', '-']
12 1991ASIB..272..283G ('', False) (90, False) ('', False) ['Gómez, G.', 90] ['Gómez, G.', 'Jorba, À.', 'Masdemont, J.', 'Simó, C.'] ['-', '-', '-', '-']
12 1991Gemin..33...20L ('', False) (90, False) ('', False) ['Gómez, G.', 90] ['López, R.', 'Gómez, G.'] ['-', '-']
12 1991ESOC...37..525R ('', False) (90, False) ('', False) ['Gómez, G.', 90] ['Ruiz-Lapuente, P.', 'Kidger, M.', 'Gómez, G.', 'Canal, R.', 'López, R.'] ['-', '-', '-', '-', '-']
12 1988CeMec..44..239G ('', False) (90, False) ('', False) ['Gómez, G.', 90] ['Gómez, G.', 'Llibre, J.', 'Masdemont, J.'] ['Departament de Matemàtica Aplicada i Anàlisi, Universitat de Barcelona, Barcelona, Spain', 'Departament de Matemàtiques, Facultat de Ciències, Universitat Autònoma de Barcelona, Barcelona, Spain', 'Departament de Matemàtica Aplicada I, ETSEIB, Universitat Politècnica de Catalunya, Barcelona, Spain']
12 1979ASIC...47..285G ('', False) (90, False) ('', False) ['Gómez, G.', 90] ['Gómez, G.'] ['-']
13 2022arXiv221002096A ('', False) (90, False) ('', False) ['González, R.', 90] ['Athanasopoulos, D.', 'Hanus, J.', 'Avdellidou, C.', 'Bonamico, R.', 'Delbo, M.', 'Conjat, M.', 'Ferrero, A.', 'Gazeas, K.', 'Rivet, J. P.', 'Sioulas, N.', 'van Belle, G.', 'Antonini, P.', 'Audejean, M.', 'Behrend, R.', 'Bernasconi, L.', 'Brinsfield, J. W.', 'Brouillard, S.', 'Brunetto, L.', 'Fauvaud, M.', 'Fauvaud, S.', 'González, R.', 'Higgins, D.', 'Holoien, T. W. -S.', 'Kobber, G.', 'Koff, R. A.', 'Kryszczynska, A.', 'Livet, F.', 'Marciniak, A.', 'Oey, J.', 'Pejcha, O.', 'Rives, J. J.', 'Roy, R.'] ['-', '-', '-', '-', '-', '-', '-', '-', '-', '-', '-', '-', '-', '-', '-', '-', '-', '-', '-', '-', '-', '-', '-', '-', '-', '-', '-', '-', '-', '-', '-', '-']
13 2022SPIE12188E..0HT ('', False) (90, False) ('', False) ['González, R.', 90] ['Tomás, A.', 'del Campo, Fernando', 'Nieto, A.', 'Canchado, M.', 'González, R.', 'Casalta, J. M.', 'Caillier, Patrick', 'Cavaller, Lluis'] ['SENER Aeroespacial S.A. (Spain)', 'SENER Aeroespacial S.A. (Spain)', 'SENER Aeroespacial S.A. (Spain)', 'SENER Aeroespacial S.A. (Spain)', 'SENER Aeroespacial S.A. (Spain)', 'SENER Aeroespacial S.A. (Spain)', 'European Southern Observatory (Germany)', 'European Southern Observatory (Germany)']
13 2021TNSCR2620....1M (70, False) (90, False) ('', False) ['González, R.', 90] ['Muñoz, S.', 'Delgado, M.', 'González, R.', 'Galbany, L.', 'Gompertz, B.', 'Ridley, E.', 'Nicholl, M.', 'Yaron, O.'] ['-', '-', '-', '-', '-', '-', '-', '-']
13 2021TNSCR2619....1M (70, False) (90, False) ('', False) ['González, R.', 90] ['Muñoz, S.', 'Delgado, M.', 'González, R.', 'Galbany, L.', 'Gompertz, B.', 'Ridley, E.', 'Nicholl, M.', 'Strotjohann, N. L.'] ['-', '-', '-', '-', '-', '-', '-', '-']
13 2021TNSAN.206....1D (70, False) (90, False) ('', False) ['González, R.', 90] ['Delgado, M.', 'González, R.', 'Muñoz, S.', 'Galbany, L.', 'Gompertz, B.', 'Nicholl, M.', 'Ridley, E. J.', 'Gutiérrez, C.', 'Elias-Rosa, N.', 'Wiseman, P.', 'Benetti, S.', 'Teffs, J.', 'Kuncarayakti, H.', 'Anderson, J.', 'Bravo, T. M.', 'Chen, T. W.', 'Gromadzki, M.', 'Inserra, C.', 'Kankare, E.', 'Yaron, O.', 'Strotjohann, N. L.', 'Young, D.'] ['Granada', 'Granada', 'Granada', 'Granada', 'Birmingham', 'Birmingham', 'Birmingham', 'Turku', 'INAF', 'Southampton', 'INAF', 'LJMU', 'Turku', 'ESO', 'Southampton', 'Stockholm', 'Warsaw', 'Cardiff', 'Turku', 'Weizmann', 'Weizmann', 'QUB']
13 2021TNSAN.204....1M (70, False) (90, False) ('', False) ['González, R.', 90] ['Muñoz, S.', 'Delgado, M.', 'González, R.', 'Galbany, L.', 'Gompertz, B.', 'Nicholl, M.', 'Ridley, E. J.', 'Gutiérrez, C.', 'Elias-Rosa, N.', 'Wiseman, P.', 'Benetti, S.', 'Anderson, J.', 'Bravo, T. M.', 'Chen, T. W.', 'Gromadzki, M.', 'Inserra, C.', 'Kankare, E.', 'Yaron, O.', 'Young, D.', 'Strotjohann, N. L.'] ['Granada', 'Granada', 'Granada', 'Granada', 'Birmingham', 'Birmingham', 'Birmingham', 'Turku', 'INAF', 'Southampton', 'INAF', 'ESO', 'Southampton', 'Stockholm', 'Warsaw', 'Cardiff', 'Turku', 'Weizmann', 'QUB', 'Weizmann']
13 2021A&A...647A..54T (68, False) (90, False) ('', False) ['González, R.', 90] ['Tregloan-Reed, J.', 'Otarola, A.', 'Unda-Sanzana, E.', 'Haeussler, B.', 'Gaete, F.', 'Colque, J. P.', 'González-Fernández, C.', 'Anais, J.', 'Molina, V.', 'González, R.', 'Ortiz, E.', 'Mieske, S.', 'Brillant, S.', 'Anderson, J. P.'] ['Instituto de Investigación en Astronomia y Ciencias Planetarias, Universidad de Atacama, Copiapó, Atacama, Chile', 'TMT International Observatory, 100 West Walnut Street, Pasadena, CA, 91124, USA; European Southern Observatory, Alonso de Córdova 3107, Vitacura, Región Metropolitana, Chile', 'Centro de Astronomía (CITEVA), Universidad de Antofagasta, Avenida U. de Antofagasta, 02800, Antofagasta, Chile', 'European Southern Observatory, Alonso de Córdova 3107, Vitacura, Región Metropolitana, Chile', 'European Southern Observatory, Alonso de Córdova 3107, Vitacura, Región Metropolitana, Chile', 'Centro de Astronomía (CITEVA), Universidad de Antofagasta, Avenida U. de Antofagasta, 02800, Antofagasta, Chile', 'Institute of Astronomy, University of Cambridge, Madingley Road, Cambridge, CB3 0HA, UK', 'Centro de Astronomía (CITEVA), Universidad de Antofagasta, Avenida U. de Antofagasta, 02800, Antofagasta, Chile', 'Centro de Astronomía (CITEVA), Universidad de Antofagasta, Avenida U. de Antofagasta, 02800, Antofagasta, Chile', 'Centro de Astronomía (CITEVA), Universidad de Antofagasta, Avenida U. de Antofagasta, 02800, Antofagasta, Chile', 'Departamento de Física, Universidad de Antofagasta, Avenida Angamos 601, Antofagasta, Chile', 'European Southern Observatory, Alonso de Córdova 3107, Vitacura, Región Metropolitana, Chile', 'European Southern Observatory, Alonso de Córdova 3107, Vitacura, Región Metropolitana, Chile', 'European Southern Observatory, Alonso de Córdova 3107, Vitacura, Región Metropolitana, Chile']
13 2021TNSAN..36....1M (70, False) (90, False) ('', False) ['González, R.', 90] ['Muñoz, S.', 'Galbany, L.', 'Delgado, M.', 'González, R.', 'Elias-Rosa, N.', 'Pessi, P. J.', 'Gutiérrez, C.', 'Benetti, S.', 'Anderson, J.', 'Bravo, T. M.', 'Chen, T. W.', 'Gromadzki, M.', 'Inserra, C.', 'Kankare, E.', 'Nicholl, M.', 'Irani, I.', 'Yaron, O.', 'Young, D.', 'Manulis, I.'] ['Granada', 'Granada', 'Granada', 'INAOE', 'INAF', 'ESO', 'Turku', 'INAF', 'ESO', 'Southampton', 'Stockholm', 'Warsaw', 'Cardiff', 'Turku', 'Birmingham', 'Weizmann', 'Weizmann', 'QUB', 'Weizmann']
13 2021TNSAN..37....1M (70, False) (90, False) ('', False) ['González, R.', 90] ['Muñoz, S.', 'Galbany, L.', 'Delgado, M.', 'González, R.', 'Elias-Rosa, N.', 'Pessi, P. J.', 'Gutiérrez, C.', 'Benetti, S.', 'Anderson, J.', 'Bravo, T. M.', 'Chen, T. W.', 'Gromadzki, M.', 'Inserra, C.', 'Kankare, E.', 'Nicholl, M.', 'Irani, I.', 'Yaron, O.', 'Young, D.', 'Manulis, I.'] ['Granada', 'Granada', 'Granada', 'INAOE', 'INAF', 'ESO', 'Turku', 'INAF', 'ESO', 'Southampton', 'Stockholm', 'Warsaw', 'Cardiff', 'Turku', 'Birmingham', 'Weizmann', 'Weizmann', 'QUB', 'Weizmann']
13 2021TNSAN..25....1G (70, False) (90, False) ('', False) ['González, R.', 90] ['González, R.', 'Galbany, L.', 'Muñoz, S.', 'Delgado, M.', 'Dennefeld, M.', 'Bravo, T. M.', 'Pignata, G.', 'Benetti, S.', 'Anderson, J.', 'Chen, T. W.', 'Gromadzki, M.', 'Inserra, C.', 'Kankare, E.', 'Nicholl, M.', 'Yaron, O.', 'Young, D.', 'Manulis, I.'] ['INAOE', 'Granada', 'Granada', 'Granada', 'IAP', 'Southampton', 'UNAB', 'INAF', 'ESO', 'Stockholm', 'Warsaw', 'Cardiff', 'Turku', 'Birmingham', 'Weizmann', 'QUB', 'Weizmann']
13 2021TNSAN..28....1G (70, False) (90, False) ('', False) ['González, R.', 90] ['González, R.', 'Galbany, L.', 'Muñoz, S.', 'Delgado, M.', 'Elias-Rosa, N.', 'Pessi, P. J.', 'Gutiérrez, C.', 'Benetti, S.', 'Anderson, J.', 'Chen, T. W.', 'Gromadzki, M.', 'Inserra, C.', 'Kankare, E.', 'Nicholl, M.', 'Irani, I.', 'Yaron, O.', 'Young, D.', 'Manulis, I.'] ['INAOE', 'Granada', 'Granada', 'Granada', 'INAF', 'ESO', 'Turku', 'INAF', 'ESO', 'Stockholm', 'Warsaw', 'Cardiff', 'Turku', 'Birmingham', 'Weizmann', 'Weizmann', 'QUB', 'Weizmann']
13 2021TNSAN..29....1G (70, False) (90, False) ('', False) ['González, R.', 90] ['González, R.', 'Galbany, L.', 'Muñoz, S.', 'Delgado, M.', 'Elias-Rosa, N.', 'Pessi, P. J.', 'Gutiérrez, C.', 'Benetti, S.', 'Sollerman, J.', 'Arcavi, I.', 'Anderson, J.', 'Bravo, T. M.', 'Chen, T. W.', 'Gromadzki, M.', 'Inserra, C.', 'Kankare, E.', 'Nicholl, M.', 'Zimmerman, E.', 'Yaron, O.', 'Young, D.', 'Manulis, I.'] ['INAOE', 'Granada', 'Granada', 'Granada', 'INAF', 'ESO', 'Turku', 'INAF', 'Stockholm', 'TAU', 'ESO', 'Southampton', 'Stockholm', 'Warsaw', 'Cardiff', 'Turku', 'Birmingham', 'Weizmann', 'Weizmann', 'QUB', 'Weizmann']
13 2021TNSAN..23....1D (70, False) (90, False) ('', False) ['González, R.', 90] ['Delgado, M.', 'Galbany, L.', 'González, R.', 'Muñoz, S.', 'Dennefeld, M.', 'Bravo, T. M.', 'Pignata, G.', 'Benetti, S.', 'Anderson, J.', 'Chen, T. W.', 'Gromadzki, M.', 'Inserra, C.', 'Kankare, E.', 'Nicholl, M.', 'Yaron, O.', 'Young, D.', 'Manulis, I.'] ['UGR', 'UGR', 'INAOE', 'UGR', 'IAP', 'Southampton', 'UNAB', 'INAF', 'ESO', 'Stockholm', 'Warsaw', 'Cardiff', 'Turku', 'Birmingham', 'Weizmann', 'QUB', 'Weizmann']
13 2021TNSAN..21....1D (70, False) (90, False) ('', False) ['González, R.', 90] ['Delgado, M.', 'Galbany, L.', 'González, R.', 'Muñoz, S.', 'Dennefeld, M.', 'Bravo, T. M.', 'Pignata, G.', 'Benetti, S.', 'Anderson, J.', 'Chen, T. W.', 'Gromadzki, M.', 'Inserra, C.', 'Kankare, E.', 'Nicholl, M.', 'Yaron, O.', 'Young, D.', 'Manulis, I.'] ['UGR', 'UGR', 'INAOE', 'UGR', 'IAP', 'Southampton', 'UNAB', 'INAF', 'ESO', 'Stockholm', 'Warsaw', 'Cardiff', 'Turku', 'Birmingham', 'Weizmann', 'QUB', 'Weizmann']
13 2020A&A...637L...1T (68, False) (90, False) ('', False) ['González, R.', 90] ['Tregloan-Reed, J.', 'Otarola, A.', 'Ortiz, E.', 'Molina, V.', 'Anais, J.', 'González, R.', 'Colque, J. P.', 'Unda-Sanzana, E.'] ['Centro de Astronomía (CITEVA), Universidad de Antofagasta, Avenida U. de Antofagasta, 02800, Antofagasta, Chile', 'TMT International Observatory, 100 West Walnut Street, Pasadena, CA, 91124, USA', 'Departamento de Física, Universidad de Antofagasta, Avenida Angamos 601, Antofagasta, Chile', 'Centro de Astronomía (CITEVA), Universidad de Antofagasta, Avenida U. de Antofagasta, 02800, Antofagasta, Chile', 'Centro de Astronomía (CITEVA), Universidad de Antofagasta, Avenida U. de Antofagasta, 02800, Antofagasta, Chile', 'Centro de Astronomía (CITEVA), Universidad de Antofagasta, Avenida U. de Antofagasta, 02800, Antofagasta, Chile', 'Centro de Astronomía (CITEVA), Universidad de Antofagasta, Avenida U. de Antofagasta, 02800, Antofagasta, Chile', 'Centro de Astronomía (CITEVA), Universidad de Antofagasta, Avenida U. de Antofagasta, 02800, Antofagasta, Chile']
13 2019hsax.conf..599Z (63, False) (90, False) ('', False) ['González, R.', 90] ['Zamorano, J.', 'Tapia, C.', 'Pascual, S.', 'García, C.', 'González, R.', 'González, E.', 'Corcho, O.', 'García, L.', 'Gallego, J.', 'Sánchez de Miguel, A.', 'Solano, E.', 'Alacid, J. M.'] ['Departamento de Física de la Tierra y Astrofísica, Universidad Complutense de Madrid', 'Departamento de Física de la Tierra y Astrofísica, Universidad Complutense de Madrid', 'Departamento de Física de la Tierra y Astrofísica, Universidad Complutense de Madrid', 'Asocición Astronómica Astro Henares', 'Asocición Astronómica Astro Henares', 'Ontology Engineering Group, Facultad de Informática, Universidad Politécnica de Madrid', 'Ontology Engineering Group, Facultad de Informática, Universidad Politécnica de Madrid', 'Departamento de Física de la Tierra y Astrofísica, Universidad Complutense de Madrid', 'Departamento de Física de la Tierra y Astrofísica, Universidad Complutense de Madrid', 'Environment and Sustainability Institute, Cornwall, TR10 9FE, University Exeter', 'Spanish Virtual Observatory (SVO), Centro de Astrobiología (INTA-CSIC) ESA - ESAC', 'Spanish Virtual Observatory (SVO), Centro de Astrobiología (INTA-CSIC) ESA – ESAC']
13 2017MNRAS.472.4133G (65, False) (90, False) ('', False) ['González, R.', 90] ['Gargiulo, I. D.', 'Cora, S. A.', 'Vega-Martínez, C. A.', 'Gonzalez, O. A.', 'Zoccali, M.', 'González, R.', 'Ruiz, A. N.', 'Padilla, N. D.'] ['Instituto de Astrofísica de La Plata (CCT La Plata, CONICET, UNLP), Paseo del Bosque s/n, B1900FWA La Plata, Argentina; Consejo Nacional de Investigaciones Científicas y Técnicas, Rivadavia 1917, C1033AAJ Buenos Aires, Argentina', 'Instituto de Astrofísica de La Plata (CCT La Plata, CONICET, UNLP), Paseo del Bosque s/n, B1900FWA La Plata, Argentina; Facultad de Ciencias Astronómicas y Geofísicas, Universidad Nacional de La Plata, Paseo del Bosque s/n, B1900FWA La Plata, Argentina; Consejo Nacional de Investigaciones Científicas y Técnicas, Rivadavia 1917, C1033AAJ Buenos Aires, Argentina', 'Instituto de Astrofísica de La Plata (CCT La Plata, CONICET, UNLP), Paseo del Bosque s/n, B1900FWA La Plata, Argentina', 'UK Astronomy Technology Centre, Royal Observatory, Blackford Hill, Edinburgh EH9 3HJ, UK', 'The Milky Way Millennium Nucleus, Av. Vicuña Mackenna 4860, 782-0436 Macul, Santiago, Chile', 'Instituto de Astrofísica, Pontificia Universidad Católica de Chile, Av. Vicuña Mackenna 4860, Santiago, Chile; Centro de Astro-Ingeniería, Pontificia Universidad Católica de Chile, Av. Vicuña Mackenna 4860, Santiago, Chile', 'Consejo Nacional de Investigaciones Científicas y Técnicas, Rivadavia 1917, C1033AAJ Buenos Aires, Argentina; Instituto de Astronomía Teórica y Experimental (CCT Córdoba, CONICET, UNC), Laprida 854, X5000BGR, Córdoba, Argentina; Observatorio Astronómico de Córdoba, Universidad Nacional de Córdoba, Laprida 854, X5000BGR Córdoba, Argentina', 'Instituto de Astrofísica, Pontificia Universidad Católica de Chile, Av. Vicuña Mackenna 4860, Santiago, Chile; Centro de Astro-Ingeniería, Pontificia Universidad Católica de Chile, Av. Vicuña Mackenna 4860, Santiago, Chile']
13 2017hsa9.conf..780Z (63, False) (90, False) ('', False) ['González, R.', 90] ['Zamorano, J.', 'García, C.', 'González, R.', 'Tapia, C.', 'Sánchez de Miguel, A.', 'Pascual, S.', 'González, E.', 'Gallego, J.', 'Picazo, P.', 'Izquierdo, J.', 'Nievas, M.', 'García, L.', 'Corcho, O.', 'Stars4ALL Consortium'] ['Universidad Complutense de Madrid (UCM), 28040 Madrid, Spain', 'Agrupación Astro Henares, 28820 Coslada, Madrid, Spain', 'Agrupación Astro Henares, 28820 Coslada, Madrid, Spain', 'Universidad Complutense de Madrid (UCM), 28040 Madrid, Spain', 'Instituto de Astrofísica de Andalucía (IAA-CSIC), Apartado 3004 18080, Granada, Spain', 'Universidad Complutense de Madrid (UCM), 28040 Madrid, Spain', 'Universidad Politécnica de Madrid (UPM), 28660 Boadilla del Monte, Madrid, Spain', 'Universidad Complutense de Madrid (UCM), 28040 Madrid, Spain', 'Universidad Complutense de Madrid (UCM), 28040 Madrid, Spain', 'Universidad Complutense de Madrid (UCM), 28040 Madrid, Spain', 'Agrupación Astro Henares, 28820 Coslada, Madrid, Spain', 'Universidad Complutense de Madrid (UCM), 28040 Madrid, Spain', 'Universidad Politécnica de Madrid (UPM), 28660 Boadilla del Monte, Madrid, Spain', '-']
13 2016cosp...41E1113L ('', False) (90, False) ('', False) ['González, Ricardo', 90] ['Lara, Alejandro', 'Niembro, Tatiana', 'González, Ricardo'] ['-', '-', '-']
13 2015ApJ...799...45F ('', False) (90, False) ('', False) ['González, R.', 90] ['Forero-Romero, J. E.', 'González, R.'] ['Departamento de Física, Universidad de los Andes, Cra. 1 No. 18A-10, Edificio Ip, Bogotá, Colombia', 'Instituto de Astrofísica, Pontificia Universidad Católica de Chile, Av. Vicuña Mackenna 4860, Santiago, Chile; Centro de Astro-Ingeniería, Pontificia Universidad Católica de Chile, Av. Vicuña Mackenna 4860, Santiago, Chile;']
13 2014PhRvC..89b4611L ('', False) (90, False) ('', False) ['González, R.', 90] ['López, J. A.', 'Ramírez-Homs, E.', 'González, R.', 'Ravelo, R.'] ['Department of Physics, University of Texas at El Paso, El Paso, Texas 79968, USA', 'Department of Physics, University of Texas at El Paso, El Paso, Texas 79968, USA', 'Department of Physics, University of Texas at El Paso, El Paso, Texas 79968, USA', 'Department of Physics, University of Texas at El Paso, El Paso, Texas 79968, USA']
13 2011gafo.confE..16P ('', False) (90, False) ('', False) ['González, R.', 90] ['Padilla, N.', 'Guaita, L.', 'Gawiser, E.', 'Christlein, D.', 'Marchesini, D.', 'González, R.'] ['-', '-', '-', '-', '-', '-']
13 2009ASSP....7..319G (74, False) (90, False) ('', False) ['González, R.', 90] ['Gómez de Castro, A. I.', 'Pagano, I.', 'Sachkov, M.', 'Lecavelier Des Étangs, A.', 'Piotto, G.', 'González, R.', 'Shustov, B.'] ['Fac. de CC. Matemáticas, Universidad Complutense de Madrid, Plaza de Ciencias 3, E-28040 Madrid, Spain', 'INAF - Osservatorio Astrofisico di Catania, v. S. Sofia 78, 95123 Catania, Italy', 'Institute of Astronomy of the Russian Academy of Science, 48 Pyatnitskaya St., 119017 Moscow, Russia', "Institute d'Astrophysique de Paris, 98bis, bd Arago - 75014 Paris, France", "Dipartimento di Astronomia, Università di Padova, Vicolo dell'Osservatorio, 3, 35122 Padova, Italy", 'Instituto de Astrofisica de Andalucia, Camino Bajo de Huetor 50, E-18008 Granada, Spain', 'Institute of Astronomy of the Russian Academy of Science, 48 Pyatnitskaya St., 119017 Moscow, Russia']
13 2008A&A...489..755C ('', False) (90, False) ('', False) ['González, R.', 90] ['Costa, A.', 'González, R.'] ['Instituto de Astronomía Teórica y Experimental (IATE-CONICET), Córdoba, Argentina ; Instituto de Astronomía y Física del Espacio (IAFE-CONICET) Buenos Aires, Argentina', 'Instituto de Astronomía y Física del Espacio (IAFE-CONICET) Buenos Aires, Argentina; Universidad Nacional de General Sarmiento (UNGS), Argentina; Departamento de Física (FCEyN-UBA) Buenos Aires, Argentina']
13 2008ASSP....4..348M ('', False) (90, False) ('', False) ['González', 90] ['Mahoney, Terry J.', 'González', 'Fernández, Carlos', 'Cabrera-Lavers, A.', 'Garzón, F.', 'Hammersley, P. L.', 'López Corredoira, M.'] ['Instituto de Astrofísica de Canarias', 'Instituto de Astrofísica de Canarias', 'Instituto de Astrofísica de Canarias', 'Instituto de Astrofísica de Canarias', 'Instituto de Astrofísica de Canarias', 'Instituto de Astrofísica de Canarias', '-']
13 2006A&A...458..953C ('', False) (90, False) ('', False) ['González, R.', 90] ['Costa, A.', 'González, R.'] ['Instituto de Astronomía y Física del Espacio (CONICET-Argentina)', 'Universidad Nacional de General Sarmiento (UNGS); Departamento de Física (FCEyN-UBA-Argentina)']
13 2005ASPC..332..166D (74, False) (71, False) ('', False) ['Gonzalez, R. F.', 71] ['de Gouveia dal Pino, E. M.', 'Gonzalez, R. F.', 'Raga, A. C.', 'Velezquez, P. F.'] ['-', '-', '-', '-']
13 2005RMxAA..41..101C ('', False) (90, False) ('', False) ['González, R.', 90] ['Cantó, J.', 'Raga, A. C.', 'González, R.'] ['Instituto de Astronomía, Universidad Nacional Autónoma de México, México, D.F., México.', '-', '-']
13 2005prpl.conf.8471V ('', False) (90, False) ('', False) ['González, R.', 90] ['Vázquez-Semadeni, E.', 'Ryu, D.', 'Passot, T.', 'González, R.', 'Gazol, A.'] ['-', '-', '-', '-', '-']
13 2005AJ....129..547S (68, False) (90, False) ('', False) ['González, R.', 90] ['Solano, E.', 'Catala, C.', 'Garrido, R.', 'Poretti, E.', 'Janot-Pacheco, E.', 'Gutiérrez, R.', 'González, R.', 'Mantegazza, L.', 'Neiner, C.', 'Fremat, Y.', 'Charpinet, S.', 'Weiss, W.', 'Amado, P. J.', 'Rainer, M.', 'Tsymbal, V.', 'Lyashko, D.', 'Ballereau, D.', 'Bouret, J. C.', 'Hua, T.', 'Katz, D.', 'Lignières, F.', 'Lüftinger, T.', 'Mittermayer, P.', 'Nesvacil, N.', 'Soubiran, C.', "van't Veer-Menneret, C.", 'Goupil, M. J.', 'Costa, V.', 'Rolland, A.', 'Antonello, E.', 'Bossi, M.', 'Buzzoni, A.', 'Rodrigo, C.', 'Aerts, C.', 'Butler, C. J.', 'Guenther, E.', 'Hatzes, A.'] ['Laboratorio de Astrofísica Espacial y Física Fundamental, INSA, ESAC, Apdo. 50727, E-28080 Madrid, Spain.', "Laboratoire d'Études Spaitales et d'Instrumentation en Astrophysique, UMR 8109, CNRS, Observatoire de Paris, 5 place Jules Janssen, F-92195 Meudon Cedex, France", 'Instituto de Astrofísica de Andalucía, CSIC, Apdo. 3004, E-18080 Granada, Spain.', 'Osservatorio Astronomico di Brera, INAF, via E. Bianchi 46, I-23807 Merate, Italy.', 'Instituto de Astronomia, Geofíisica e Ciências Atmosféricas, Universidade de Sao Paulo, Brazil.', 'Laboratorio de Astrofísica Espacial y Física Fundamental, INTA, ESAC, Apdo. 50727, E-28080 Madrid, Spain.', 'XMM-Newton Science Operation Centre, ESAC/ESA, Apdo. 50727, E-28080 Madrid, Spain.', 'Osservatorio Astronomico di Brera, INAF, via E. Bianchi 46, I-23807 Merate, Italy.', 'Research and Scientific Support Department, ESTEC/ESA, Noordwijk, Netherlands; Galaxies, Etoiles, Physiqe et Instrumentation, UMR 8111, CNRS, Observatoire de Paris, France', 'Galaxies, Etoiles, Physiqe et Instrumentation, UMR 8111, CNRS, Observatoire de Paris, France', "Laboratoire d'Astrophysique de Toulouse-Tarbes, UMR 5572, CNRS, France", 'Institut für Astronomie, Universität Wien, Türkenschanzstrasse 17, A-1180 Vienna, Austria.', 'Instituto de Astrofísica de Andalucía, CSIC, Apdo. 3004, E-18080 Granada, Spain.', 'Osservatorio Astronomico di Brera, INAF, via E. Bianchi 46, I-23807 Merate, Italy.', "Fizicheskiy Fakul'tet, Tavricheskii Natsional'nyi Universitet, ulitsa Yaltinskaya 4, 95007 Simferopol', Ukraine.", "Fizicheskiy Fakul'tet, Tavricheskii Natsional'nyi Universitet, ulitsa Yaltinskaya 4, 95007 Simferopol', Ukraine.", 'Galaxies, Etoiles, Physiqe et Instrumentation, UMR 8111, CNRS, Observatoire de Paris, France', 'Observatoire Astronomique de Marseille-Provence, Marseille, France', 'Observatoire Astronomique de Marseille-Provence, Marseille, France', 'Galaxies, Etoiles, Physiqe et Instrumentation, UMR 8111, CNRS, Observatoire de Paris, France', "Laboratoire d'Astrophysique de Toulouse-Tarbes, UMR 5572, CNRS, France", 'Institut für Astronomie, Universität Wien, Türkenschanzstrasse 17, A-1180 Vienna, Austria.', 'Institut für Astronomie, Universität Wien, Türkenschanzstrasse 17, A-1180 Vienna, Austria.', 'Institut für Astronomie, Universität Wien, Türkenschanzstrasse 17, A-1180 Vienna, Austria.', 'Observatoire de Bordeaux, B.P. 89, F-33270 Floirac, France', 'Galaxies, Etoiles, Physiqe et Instrumentation, UMR 8111, CNRS, Observatoire de Paris, France', "Laboratoire d'Études Spaitales et d'Instrumentation en Astrophysique, UMR 8109, CNRS, Observatoire de Paris, 5 place Jules Janssen, F-92195 Meudon Cedex, France", 'Instituto de Astrofísica de Andalucía, CSIC, Apdo. 3004, E-18080 Granada, Spain.', 'Instituto de Astrofísica de Andalucía, CSIC, Apdo. 3004, E-18080 Granada, Spain.', 'Osservatorio Astronomico di Brera, INAF, via E. Bianchi 46, I-23807 Merate, Italy.', 'Osservatorio Astronomico di Brera, INAF, via E. Bianchi 46, I-23807 Merate, Italy.', 'Osservatorio Astronomico di Bologna, INAF, via Ranzani 1, I-40127 Bologna, Italy.', 'Laboratorio de Astrofísica Espacial y Física Fundamental, INSA, ESAC, Apdo. 50727, E-28080 Madrid, Spain.', 'Instituut voor Sterrenkunde, Katholieke Universiteit Leuven, Celestijnenlaan 200B, 3001 Leuven, Belgium.', 'Armagh Observatory, College Hill, Armagh BT61 9DG, Northern Ireland.', 'Thüringer Landessternwarte Tautenburg, Sternwarte 5, D-07778 Tautenberg, Germany', 'Thüringer Landessternwarte Tautenburg, Sternwarte 5, D-07778 Tautenberg, Germany']
13 2004A&A...427..353C ('', False) (90, False) ('', False) ['González, R.', 90] ['Costa, A.', 'González, R.', 'Sicardi Schifino, A. C.'] ['Instituto de Astronomía y Física del Espacio, CONICET, 1428 Buenos Aires, Argentina', 'Instituto de Astronomía y Física del Espacio, CONICET, 1428 Buenos Aires, Argentina; Departamento de Física, FCEyN - UBA, Argentina', 'Departamento de Física, Facultad de Ciencias, Facultad de Ingeniería, UR, Uruguay']
13 2004cosp...35.2642M ('', False) (90, False) ('', False) ['González, R.', 90] ['Muñoz, G.', 'Cantó, J.', 'Lara, A.', 'González, R.', 'Schwenn, R.'] ['-', '-', '-', '-', '-']
13 2003RMxAC..15..208T ('', False) (90, False) ('', False) ['González, R.', 90] ['Trinidad, M. A.', 'Curiel, S.', 'Rojas, V.', 'Plascencia, J. C.', 'González, D.', 'González, R.', 'Uscanga, L.', 'Forero, V.'] ['Instituto de Astronomía, Universidad Nacional Autó-noma de México, Apartado Postal 70-264, 04510 México, D. F., México', '-', '-', '-', '-', '-', '-', '-']
13 2001PhyA..300..468C ('', False) (90, False) ('', False) ['González, R.', 90] ['Costa, A.', 'Fontán, C. Ferro', 'González, R.', 'Schifino, A. C. Sicardi'] ['Instituto de Astronomía y Física del, CONICET-, Espacio, Argentina', 'Departamento de Física, Facultad de Ciencias Exactas y Naturales, Univ. de Buenos Aires, 1428, Buenos Aires, Argentina', 'Departamento de Física, Facultad de Ciencias Exactas y Naturales, Univ. de Buenos Aires, 1428, Buenos Aires, Argentina', 'Departamento de Física, Facultad de Ciencias, Facultad de, UR-, Ingeniería, Uruguay']
13 1997IAUS..180..269P ('', False) (90, False) ('', False) ['González, R.', 90] ['Peña, M.', 'Stasińska, G.', 'Esteban, C.', 'Kingsburgh, R.', 'Koesterke, L.', 'Medina, S.', 'González, R.', 'Ruiz, M. T.'] ['-', '-', '-', '-', '-', '-', '-', '-']
13 1996RvA...254...28G ('', False) (90, False) ('', False) ['González, R.', 90] ['González, R.'] ['-']
13 1994SoPh..152..351H (74, False) (90, False) ('', False) ['González, Ricardo', 90] ['Hill, Frank', 'Fischer, George', 'Forgach, Suzanne', 'Grier, Jennifer', 'Leibacher, John W.', 'Jones, Harrison P.', 'Jones, Patricia B.', 'Kupke, Renate', 'Stebbins, Robin T.', 'Clay, Donald W.', 'Ingram, Robert E. L.', 'Libbrecht, Kenneth G.', 'Zirin, Harold', 'Ulrichi, Roger K.', 'Websteri, Lawrence', 'Hieda, Lester S.', 'Labonte, Barry J.', 'Lu, Wayne M. T.', 'Sousa, Edwin M.', 'Garcia, Charles J.', 'Yasukawa, Eric A.', 'Kennewell, John A.', 'Cole, David G.', 'Zhen, Huang', 'Su-Min, Xiao', 'Bhatnagar, Arvind', 'Ambastha, Aashok', "Al-Khashlan, Abdulrahman Sa'ad", 'Abdul-Samad, Muhammad-Saleh', 'Benkhaldoun, Zouhair', 'Kadiri, Samir', 'Sánchez, Francisco', 'Pallé, Pere L.', 'Duhalde, Oscar', 'Solis, Hernan', 'Saá, Oscar', 'González, Ricardo'] ['National Optical Astronomy Observatoires, Tucson, AZ', 'National Optical Astronomy Observatoires, Tucson, AZ', 'National Optical Astronomy Observatoires, Tucson, AZ', 'National Optical Astronomy Observatoires, Tucson, AZ', 'National Optical Astronomy Observatoires, Tucson, AZ', 'National Optical Astronomy Observatoires, Tucson, AZ', 'National Optical Astronomy Observatoires, Tucson, AZ', 'National Optical Astronomy Observatoires, Tucson, AZ', 'National Optical Astronomy Observatoires, Tucson, AZ', 'National Optical Astronomy Observatoires, Tucson, AZ', 'Arizona Western College, 85366, Yuma, AZ, USA', 'Big Bear Solar Observatory, California Institute of Technology, 91125, Pasadena, CA, USA', 'Big Bear Solar Observatory, California Institute of Technology, 91125, Pasadena, CA, USA', 'Mt. Wilson Observatory, University of California, 90024, Los Angeles, CA, USA', 'Mt. Wilson Observatory, University of California, 90024, Los Angeles, CA, USA', 'Institute for Astronomy, University of Hawaii, 96822, Honolulu, HI, USA', 'Institute for Astronomy, University of Hawaii, 96822, Honolulu, HI, USA', 'Institute for Astronomy, University of Hawaii, 96822, Honolulu, HI, USA', 'Institute for Astronomy, University of Hawaii, 96822, Honolulu, HI, USA', 'Mauna Loa Solar Observatory, High Altitude Observatory, 80307, Boulder, CO, USA', 'Mauna Loa Solar Observatory, High Altitude Observatory, 80307, Boulder, CO, USA', 'Learmonth Solar Observatory, IPS Radio and Space Services, West Chatswood, New South Wales, Australia', 'Learmonth Solar Observatory, IPS Radio and Space Services, West Chatswood, New South Wales, Australia', 'Urumqi Astronomical Station, Academia Sinica Xinjiang, Urumqi, China', 'Urumqi Astronomical Station, Academia Sinica Xinjiang, Urumqi, China', 'Udaipur Solar Observatory, Physical Research Laboratory, Udaipur, India', 'Udaipur Solar Observatory, Physical Research Laboratory, Udaipur, India', 'King Abdul Aziz City for Science and Technology, Riyadh, Saudi Arabia', 'King Abdul Aziz City for Science and Technology, Riyadh, Saudi Arabia', 'Centre National de Coordination et de Planification de la Recherche Scientifique et Technique, Rabat, Morocco', 'Centre National de Coordination et de Planification de la Recherche Scientifique et Technique, Rabat, Morocco', 'Observatorio del Teide, Instituto Astrofisica de Canarias, Tenerife, Spain', 'Observatorio del Teide, Instituto Astrofisica de Canarias, Tenerife, Spain', 'Las Campanas Observatory, The Observatories of the Carnegie Institution of Washington, 91101, Pasadena, CA, USA', 'Las Campanas Observatory, The Observatories of the Carnegie Institution of Washington, 91101, Pasadena, CA, USA', 'Cerro Tololo Interamerican Observatory, National Optical Astronomy Observatories, 85726, Tucson, AZ, USA', 'Cerro Tololo Interamerican Observatory, National Optical Astronomy Observatories, 85726, Tucson, AZ, USA']
13 1990Ap&SS.169..147C (68, False) (90, False) ('', False) ['González, R.', 90] ['Charles, P. A.', 'Arévalo, M. J.', 'Baruch, J.', 'Biernicowicz, R.', 'Callanan, P.', 'Casares, J.', 'Dhillon, V.', 'Giménez, A.', 'González, I.', 'González, R.', 'Harlaftis, E.', 'Hassall, B.', 'Hellier, C.', 'Johnson, P.', 'Jones, D.', 'Kidger, M.', 'Lázaro, C.', 'Mason, K.', 'Mukai, K.', 'Naylor, T.', 'Reglero, V.', 'Rutten, R.', 'Sedano, J. L.', 'van Paradijs, J.'] ['Royal Greenwich Observatory', 'Instituto de Astrofisica de Canarias', 'Physics Department, University of Leeds', 'Dunsink Observatory', 'Department of Astrophysics, University of Oxford', 'Instituto de Astrofisica de Canarias', 'Royal Greenwich Observatory', 'Instituto de Astrofisica de Andalucia', 'Instituto de Astrofisica de Canarias', 'IUE Observatory (VILSPA)', 'Department of Astrophysics, University of Oxford', 'Royal Greenwich Observatory', 'Mullard Space Science Laboratory', 'Physics Department, University of Leeds', 'Royal Greenwich Observatory', 'Instituto de Astrofisica de Canarias', 'Instituto de Astrofisica de Canarias', 'Mullard Space Science Laboratory', 'Mullard Space Science Laboratory', 'IUE Observatory (VILSPA)', 'Universidad de Valencia', 'Royal Greenwich Observatory', 'Instituto de Astrofisica de Andalucia', 'Astronomical Institute, University of Amsterdam']
14 1998AAS...193.7506L (63, False) (78, False) ('', False) ['Gonzalez-Lopezlira, R.', 78] ['Lucas, R. A.', 'Baum, S. A.', 'Casertano, S.', 'de Mello, D.', 'Dickinson, M.', 'Ferguson, H. C.', 'Fruchter, A. S.', 'Gonzalez-Lopezlira, R.', 'Heyer, I.', 'Mack, J.', 'Makidon, R.', 'Martin, C. L.', 'Mutchler, M.', 'Smith, E.', 'Stiavelli, M.', 'Teplitz, H. I.', 'Wiggs, M. S.', 'Williams, R.', 'Zurek, D.', 'Brown, T. M.', 'Gardner, J. P.', 'Kaiser, M. E.', 'Hook, R. N.'] ['STScI', 'STScI', 'STScI', 'STScI', 'STScI', 'STScI', 'STScI', 'STScI', 'STScI', 'STScI', 'STScI', 'STScI', 'STScI', 'STScI', 'STScI', 'STScI', 'STScI', 'STScI', 'STScI', 'GSFC', 'GSFC', 'JHU', 'ESO/ST-ECF']
17 2019yCat..36250114J (68, False) (76, False) ('', False) ['Jimenez-Andrade, E. F.', 76] ['Jimenez-Andrade, E. F.', 'Magnelli, B.', 'Karim, A.', 'Zamorani, G.', 'Bondi, M.', 'Schinnerer, E.', 'Sargent, M.', 'Romano-Diaz, E.', 'Novak, M.', 'Lang, P.', 'Bertoldi, F.', 'Vardoulaki, E.', 'Toft, S.', 'Smolcic, V.', 'Harrington, K.', 'Leslie, S.', 'Delhaize, J.', 'Liu, D.', 'Karoumpis, C.', 'Kartaltepe, J.', 'Koekemoer, A. M.'] ['-', '-', '-', '-', '-', '-', '-', '-', '-', '-', '-', '-', '-', '-', '-', '-', '-', '-', '-', '-', '-']
19 1988PhDT.........4L ('', False) (86, False) ('', False) ['Lizano-Soberon, Susana', 86] ['Lizano-Soberon, Susana'] ['California Univ., Berkeley.']
23 2021arXiv210901243M ('', False) (90, False) ('', False) ['Rodríguez', 90] ['M., T.', 'Rodríguez', 'Hofner, P.', 'Araya, E. D.', 'Zhang, Q.', 'Linz, H.', 'Kurtz, S.', 'Gómez, L.', 'Carrasco-González, C.', 'Rosero, V.'] ['-', '-', '-', '-', '-', '-', '-', '-', '-', '-']
23 2014mysc.conf..147M ('', False) (90, False) ('', False) ['Rodríguez, L.', 90] ['Mayya, Y. D.', 'Santiago-Cortes, M.', 'Rosa-González, D.', 'Gómez-González, M.', 'Rodríguez, L.', 'Carrasco, L.'] ['Instituto Nacional de Astrofísica, Óptica y Electrónica, Luis Enrique Erro 1, Tonantzintla, Puebla, México', 'Instituto Nacional de Astrofísica, Óptica y Electrónica, Luis Enrique Erro 1, Tonantzintla, Puebla, México', 'Instituto Nacional de Astrofísica, Óptica y Electrónica, Luis Enrique Erro 1, Tonantzintla, Puebla, México', 'Instituto Nacional de Astrofísica, Óptica y Electrónica, Luis Enrique Erro 1, Tonantzintla, Puebla, México', 'Instituto Nacional de Astrofísica, Óptica y Electrónica, Luis Enrique Erro 1, Tonantzintla, Puebla, México', 'Instituto Nacional de Astrofísica, Óptica y Electrónica, Luis Enrique Erro 1, Tonantzintla, Puebla, México']
23 2013arXiv1309.3519F (0, False) (90, False) ('', False) ['Rodríguez, Luis', 90] ['Fish, Vincent', 'Alef, Walter', 'Anderson, James', 'Asada, Keiichi', 'Baudry, Alain', 'Broderick, Avery', 'Carilli, Chris', 'Colomer, Francisco', 'Conway, John', 'Dexter, Jason', 'Doeleman, Sheperd', 'Eatough, Ralph', 'Falcke, Heino', 'Frey, Sándor', 'Gabányi, Krisztina', 'Gálvan-Madrid, Roberto', 'Gammie, Charles', 'Giroletti, Marcello', 'Goddi, Ciriaco', 'Gómez, Jose L.', 'Hada, Kazuhiro', 'Hecht, Michael', 'Honma, Mareki', 'Humphreys, Elizabeth', 'Impellizzeri, Violette', 'Johannsen, Tim', 'Jorstad, Svetlana', 'Kino, Motoki', 'Körding, Elmar', 'Kramer, Michael', 'Krichbaum, Thomas', 'Kudryavtseva, Nadia', 'Laing, Robert', 'Lazio, Joseph', 'Loeb, Abraham', 'Lu, Ru-Sen', 'Maccarone, Thomas', 'Marscher, Alan', "Mart'ı-Vidal, Iván", 'Martins, Carlos', 'Matthews, Lynn', 'Menten, Karl', 'Miller, Jon', 'Miller-Jones, James', 'Mirabel, Félix', 'Muller, Sebastien', 'Nagai, Hiroshi', 'Nagar, Neil', 'Nakamura, Masanori', 'Paragi, Zsolt', 'Pradel, Nicolas', 'Psaltis, Dimitrios', 'Ransom, Scott', 'Rodríguez, Luis', 'Rottmann, Helge', 'Rushton, Anthony', 'Shen, Zhi-Qiang', 'Smith, David', 'Stappers, Benjamin', 'Takahashi, Rohta', 'Tarchi, Andrea', 'Tilanus, Remo', 'Verbiest, Joris', 'Vlemmings, Wouter', 'Walker, R. Craig', 'Wardle, John', 'Wiik, Kaj', 'Zackrisson, Erik', 'Zensus, J. Anton'] ['-', '-', '-', '-', '-', '-', '-', '-', '-', '-', '-', '-', '-', '-', '-', '-', '-', '-', '-', '-', '-', '-', '-', '-', '-', '-', '-', '-', '-', '-', '-', '-', '-', '-', '-', '-', '-', '-', '-', '-', '-', '-', '-', '-', '-', '-', '-', '-', '-', '-', '-', '-', '-', '-', '-', '-', '-', '-', '-', '-', '-', '-', '-', '-', '-', '-', '-', '-', '-']
23 2008SPIE.7015E..3XG (0, False) (90, False) ('', False) ['Rodríguez, Luis', 90] ['Guzmán, Dani', 'Guesalaga, Andrés', 'Myers, Richard', 'Sharples, Ray', 'Morris, Tim', 'Basden, Alastair', 'Saunter, Christopher', 'Dipper, Nigel', 'Young, Laura', 'Rodríguez, Luis', 'Reyes, Marcos', 'Martin, Yolanda'] ['Durham Univ. (United Kingdom)', 'Pontificia Univ. Católica de Chile (Chile)', 'Durham Univ. (United Kingdom)', 'Durham Univ. (United Kingdom)', 'Durham Univ. (United Kingdom)', 'Durham Univ. (United Kingdom)', 'Durham Univ. (United Kingdom)', 'Durham Univ. (United Kingdom)', 'Durham Univ. (United Kingdom)', 'Instituto de Astrofisica de Canarias (Spain)', 'Instituto de Astrofisica de Canarias (Spain)', 'Instituto de Astrofisica de Canarias (Spain)']
23 2005ASPC..344..146R ('', False) (69, False) ('', False) ['Rodríguez, L. F. R.', 69] ['Rodríguez, L. F. R.'] ['-']
23 1994coun.conf..433R ('', False) (90, False) ('', False) ['Rodríguez, Luis', 90] ['Rodríguez, Luis'] ['-']
23 1986mmmo.conf..155R ('', False) (90, False) ('', False) ['Rodríguez, L.', 90] ['Rodríguez, L.'] ['-']
24 1986JBAA...96..339S ('', False) (82, False) ('', False) ['Srinivasan, S. R.', 82] ['Srinivasan, S. R.'] ['-']
24 1963ICRC....5..498R ('', False) (79, False) ('', False) ['Srinivasan, S. K.', 79] ['Ramakrishnan, A.', 'Vasudevan, R.', 'Srinivasan, S. K.'] ['-', '-', '-']
24 1963ICRC....5..502S ('', False) (79, False) ('', False) ['Srinivasan, S. K.', 79] ['Srinivasan, S. K.', 'Iyer, K. S. S.', 'Koteswara Rao, N. V.'] ['-', '-', '-']
24 1956ApJ...123..479R ('', False) (79, False) ('', False) ['Srinivasan, S. K.', 79] ['Ramakrishnan, Alladi', 'Srinivasan, S. K.'] ['-', '-']
