bibcode	title	author	aff	year	pub	volume	page	pubdate	date	bibstem	citation	citation_count	doctype	orcid_user	property	keyword_norm	author_match	orcid_match	author_match	orcid_match	author_match	orcid_match	author_match	orcid_match	author_match	orcid_match	author_match	orcid_match	author_match	orcid_match	author_match	orcid_match	author_match	orcid_match	author_match	orcid_match	author_match	orcid_match	author_match	orcid_match	author_match	orcid_match	author_match	orcid_match	author_match	orcid_match	author_match	orcid_match	author_match	orcid_match	author_match	orcid_match	author_match	orcid_match	author_match	orcid_match	author_match	orcid_match	author_match	orcid_match	author_match	orcid_match	author_match	orcid_match	author_match	orcid_match	author_match	orcid_match	author_match	orcid_match	author_match	orcid_match	author_match	orcid_match	author_match	orcid_match	author_match	orcid_match	author_match	orcid_match	author_match	orcid_match	author_match	orcid_match	author_match	orcid_match	author_match	orcid_match	author_match	orcid_match	author_match	orcid_match	author_match	orcid_match	author_match	orcid_match	author_match	orcid_match	author_match	orcid_match	author_match	orcid_match	author_match	orcid_match	author_match	orcid_match	author_match	orcid_match	author_match	orcid_match
2022MNRAS.515.1557R	['Adjusting the bow-tie: a morpho-kinematic study of NGC 40']	['Rodríguez-González, J. B.', 'Toalá, J. A.', 'Sabin, L.', 'Ramos-Larios, G.', 'Guerrero, M. A.', 'López, J. A.', 'Estrada-Dorado, S.']	['Instituto de Radioastronomía y Astrofísica, UNAM Campus Morelia, Apartado postal 3-72, 58090 Morelia, Michoacán, Mexico', 'Instituto de Radioastronomía y Astrofísica, UNAM Campus Morelia, Apartado postal 3-72, 58090 Morelia, Michoacán, Mexico', 'Instituto de Astronomía, Universidad Nacional Autónoma de México (UNAM), Apdo. Postal 877, 22800 Ensenada, B.C., Mexico', 'Instituto de Astronomía y Meteorología, CUCEI, Univ. de Guadalajara, Av. Vallarta 2602, Arcos Vallarta, 44130 Guadalajara, Mexico', 'Instituto de Astrofísica de Andalucía, IAA-CSIC, Glorieta de la Astronomía S/N, Granada 18008, Spain', 'Instituto de Astronomía, Universidad Nacional Autónoma de México (UNAM), Apdo. Postal 877, 22800 Ensenada, B.C., Mexico', 'Instituto de Radioastronomía y Astrofísica, UNAM Campus Morelia, Apartado postal 3-72, 58090 Morelia, Michoacán, Mexico']	2022	Monthly Notices of the Royal Astronomical Society	515	['1557']	2022-09-00	2022-09-01T00:00:00Z	['MNRAS', 'MNRAS.515']		0	article		['ARTICLE', 'EPRINT_OPENACCESS', 'ESOURCE', 'OPENACCESS', 'REFEREED']	['-', 'stars luminosity function;mass function', 'stars winds outflows', 'hydrodynamics', 'stars wolf rayet', 'planets and satellites', 'planets and satellites', '-', '-']	('Toalá, J. A.', 86)	
2022ApJ...935...76Z	['Catching the Butterfly and the Homunculus of η Carinae with ALMA']	['Zapata, Luis A.', 'Loinard, Laurent', 'Fernández-López, Manuel', 'Toalá, Jesús A.', 'González, Ricardo F.', 'Rodríguez, Luis F.', 'Gull, Theodore R.', 'Morris, Patrick W.', 'Menten, Karl M.', 'Kamiński, Tomasz']	['Instituto de Radioastronomía y Astrofísica, Universidad Nacional Autónoma de México, P.O. Box 3-72, 58090, Morelia, Michoacán, México', 'Instituto de Radioastronomía y Astrofísica, Universidad Nacional Autónoma de México, P.O. Box 3-72, 58090, Morelia, Michoacán, México', 'Instituto Argentino de Radioastronomía (CCT-La Plata, CONICET; CICPBA), C.C. No. 5, 1894, Villa Elisa, Buenos Aires, Argentina', 'Instituto de Radioastronomía y Astrofísica, Universidad Nacional Autónoma de México, P.O. Box 3-72, 58090, Morelia, Michoacán, México', 'Instituto de Radioastronomía y Astrofísica, Universidad Nacional Autónoma de México, P.O. Box 3-72, 58090, Morelia, Michoacán, México', 'Instituto de Radioastronomía y Astrofísica, Universidad Nacional Autónoma de México, P.O. Box 3-72, 58090, Morelia, Michoacán, México; Mesoamerican Centre for Theoretical Physics, Universidad Autónoma de Chiapas, Carretera Emiliano Zapata Km. 4 Real del Bosque, 29050 Tuxtla Gutiérrez, Chiapas, México', 'NASA Goddard Space Flight Center, Exoplanets and Stellar Astrophysics Laboratory, Code 667, Greenbelt, MD 20771, USA', 'California Institute of Technology, IPAC, M/C 100-22, Pasadena, CA 91125, USA', 'Max-Planck-Institut für Radioastronomie, Auf dem Hügel 69, D-53121 Bonn, Germany', 'Nicolaus Copernicus Astronomical Center of the Polish Academy of Sciences, Toruń, Poland']	2022	The Astrophysical Journal	935	['76']	2022-08-00	2022-08-01T00:00:00Z	['ApJ', 'ApJ...935']		0	article		['ARTICLE', 'EPRINT_OPENACCESS', 'ESOURCE', 'OPENACCESS', 'PUB_OPENACCESS', 'REFEREED']	['-', '-', '-', '-']	('Toalá, Jesús A.', 90)	
2022MNRAS.514.4794R	['Common envelope evolution in born-again planetary nebulae - Shaping the H-deficient ejecta of A 30']	['Rodríguez-González, J. B.', 'Santamaría, E.', 'Toalá, J. A.', 'Guerrero, M. A.', 'Montoro-Molina, B.', 'Rubio, G.', 'Tafoya, D.', 'Chu, Y. -H.', 'Ramos-Larios, G.', 'Sabin, L.']	['Instituto de Radioastronomía y Astrofísica, UNAM, Antigua Carretera a Pátzcuaro 8701, Ex-Hda. San José de la Huerta, Morelia 58089, Mich., Mexico', 'CUCEI, Universidad de Guadalajara, Blvd. Marcelino García Barragán 1421, 44430 Guadalajara, Jalisco, Mexico; Instituto de Astronomía y Meteorología, Depto. de Física, CUCEI, Av. Vallarta 2602, 44130 Guadalajara, Jalisco, Mexico', 'Instituto de Radioastronomía y Astrofísica, UNAM, Antigua Carretera a Pátzcuaro 8701, Ex-Hda. San José de la Huerta, Morelia 58089, Mich., Mexico', 'Instituto de Astrofísica de Andalucía, IAA-CSIC, Glorieta de la Astronomía s/n, E-18008 Granada, Spain', 'Instituto de Astrofísica de Andalucía, IAA-CSIC, Glorieta de la Astronomía s/n, E-18008 Granada, Spain', 'CUCEI, Universidad de Guadalajara, Blvd. Marcelino García Barragán 1421, 44430 Guadalajara, Jalisco, Mexico; Instituto de Astronomía y Meteorología, Depto. de Física, CUCEI, Av. Vallarta 2602, 44130 Guadalajara, Jalisco, Mexico', 'Department of Space, Earth, and Environment, Chalmers University of Technology, Onsala Space Observatory, SE-439 92 Onsala, Sweden', 'Institute of Astronomy and Astrophysics, Academia Sinica (ASIAA), No. 1, Section 4, Roosevelt Road, Taipei 10617, Taiwan', 'CUCEI, Universidad de Guadalajara, Blvd. Marcelino García Barragán 1421, 44430 Guadalajara, Jalisco, Mexico; Instituto de Astronomía y Meteorología, Depto. de Física, CUCEI, Av. Vallarta 2602, 44130 Guadalajara, Jalisco, Mexico', 'Instituto de Astronomía, Universidad Nacional Autonoma de México, Apdo. Postal 106, 22800 Ensenada, B.C., Mexico']	2022	Monthly Notices of the Royal Astronomical Society	514	['4794']	2022-08-00	2022-08-01T00:00:00Z	['MNRAS', 'MNRAS.514']	['2022ApJ...934...18M', '2022RAA....22i5009S']	2	article		['ARTICLE', 'EPRINT_OPENACCESS', 'ESOURCE', 'OPENACCESS', 'REFEREED']	['stars circumstellar matter', '-', 'stars luminosity function;mass function', 'stars winds outflows', 'hydrodynamics', 'ism planetary nebulae', '-', '-']	('Toalá, J. A.', 86)	
2022MNRAS.514.2269T	['Multiple variability time-scales of the early nitrogen-rich Wolf-Rayet star WR 7']	['Toalá, J. A.', 'Bowman, D. M.', 'Van Reeth, T.', 'Todt, H.', 'Dsilva, K.', 'Shenar, T.', 'Koenigsberger, G.', 'Estrada-Dorado, S.', 'Oskinova, L. M.', 'Hamann, W. -R.']	['Instituto de Radioastronomía y Astrofísica, UNAM Campus Morelia, Apartado postal 3-72, 58090 Morelia, Michoacán, Mexico', 'Institute of Astronomy, KU Leuven, Celestijnlaan 200D, B-3001 Leuven, Belgium', 'Institute of Astronomy, KU Leuven, Celestijnlaan 200D, B-3001 Leuven, Belgium', 'Institute for Physics and Astronomy, Universität Potsdam, Karl-Liebknecht-Str 24/25, D-14476 Potsdam, Germany', 'Institute of Astronomy, KU Leuven, Celestijnlaan 200D, B-3001 Leuven, Belgium', 'Institute of Astronomy, KU Leuven, Celestijnlaan 200D, B-3001 Leuven, Belgium', 'Instituto de Ciencias Físicas, Universidad Nacional Autónoma de México, Ave. Universidad s/n, Chamilpa, 62210 Cuernavaca, Mexico', 'Instituto de Radioastronomía y Astrofísica, UNAM Campus Morelia, Apartado postal 3-72, 58090 Morelia, Michoacán, Mexico', 'Institute for Physics and Astronomy, Universität Potsdam, Karl-Liebknecht-Str 24/25, D-14476 Potsdam, Germany', 'Institute for Physics and Astronomy, Universität Potsdam, Karl-Liebknecht-Str 24/25, D-14476 Potsdam, Germany']	2022	Monthly Notices of the Royal Astronomical Society	514	['2269']	2022-08-00	2022-08-01T00:00:00Z	['MNRAS', 'MNRAS.514']		0	article	['-', '0000-0001-7402-3852', '-', '-', '-', '0000-0003-0642-8107', '-', '-', '-', '-']	['ARTICLE', 'DATA', 'EPRINT_OPENACCESS', 'ESOURCE', 'OPENACCESS', 'REFEREED']	['-', '-', '-', 'stars winds outflows', 'hydrodynamics', '-', '-', '-']	('Toalá, J. A.', 86)	('0000-0003-0642-8107', 74)
2022ApJ...934...18M	['Spectral Variability of the Born-again Ejecta in A 58']	['Montoro-Molina, Borja', 'Guerrero, Martín A.', 'Toalá, Jesús A.', 'Rodríguez-González, Janis B.']	['Instituto de Astrofisica de Andalucia, IAA-CSIC, Glorieta de la Astronomia S/N, E-18008 Granada, Spain', 'I nstituto de Astrofisica de Andalucia, IAA-CSIC, Glorieta de la Astronomia S/N, E-18008 Granada, Spain', 'Instituto de Radioastronomia y Astrofisica, UNAM Campus Morelia, Apartado postal 3-72, 58090, Morelia, Michoacán, Mexico', 'Instituto de Radioastronomia y Astrofisica, UNAM Campus Morelia, Apartado postal 3-72, 58090, Morelia, Michoacán, Mexico']	2022	The Astrophysical Journal	934	['18']	2022-07-00	2022-07-01T00:00:00Z	['ApJ', 'ApJ...934']		0	article		['ARTICLE', 'DATA', 'EPRINT_OPENACCESS', 'ESOURCE', 'OPENACCESS', 'PUB_OPENACCESS', 'REFEREED']	['ism general', '-', 'stars winds outflows', 'planets and satellites', 'stars low mass brown dwarfs', '-', '-', '-', '-', '-', '-', '-']	('Toalá, Jesús A.', 90)	
2022A&A...663A..80M	['And then they were two: Detection of non-thermal radio emission from the bow shocks of two runaway stars']	['Moutzouri, M.', 'Mackey, J.', 'Carrasco-González, C.', 'Gong, Y.', 'Brose, R.', 'Zargaryan, D.', 'Toalá, J. A.', 'Menten, K. M.', 'Gvaramadze, V. V.', 'Rugel, M. R.']	['Dublin Institute for Advanced Studies (DIAS), 31 Fitzwilliam Place, Dublin 2, Ireland ; School of Physics, University College Dublin, Belfield, Dublin 4, Ireland', 'Dublin Institute for Advanced Studies (DIAS), 31 Fitzwilliam Place, Dublin 2, Ireland', 'Instituto de Radioastronomía y Astrofísica (IRyA), Universidad Nacional Autónoma de México, Morelia, 58089, Mexico', 'Max-Planck-Institut für Radioastronomie (MPIfR), Auf dem Hügel 69, 53121, Bonn, Germany', 'Dublin Institute for Advanced Studies (DIAS), 31 Fitzwilliam Place, Dublin 2, Ireland', 'Dublin Institute for Advanced Studies (DIAS), 31 Fitzwilliam Place, Dublin 2, Ireland', 'Instituto de Radioastronomía y Astrofísica (IRyA), Universidad Nacional Autónoma de México, Morelia, 58089, Mexico', 'Max-Planck-Institut für Radioastronomie (MPIfR), Auf dem Hügel 69, 53121, Bonn, Germany', 'Sternberg Astronomical Institute, Lomonosov Moscow State University, Universitetskij Pr. 13, Moscow, 119992, Russia; Space Research Institute, Russian Academy of Sciences, Profsoyuznaya 84/32, Moscow, 117997, Russia; E. Kharadze Georgian National Astrophysical Observatory, Abastumani, 0301, Georgia', 'Max-Planck-Institut für Radioastronomie (MPIfR), Auf dem Hügel 69, 53121, Bonn, Germany']	2022	Astronomy and Astrophysics	663	['A80']	2022-07-00	2022-07-01T00:00:00Z	['A&A', 'A&A...663']	['2022A&A...665A..35G', '2022MNRAS.516.3773G', '2022arXiv220701263S']	3	article		['ARTICLE', 'EPRINT_OPENACCESS', 'ESOURCE', 'OPENACCESS', 'PUB_OPENACCESS', 'REFEREED']	['-', 'stars winds outflows', 'hydrodynamics', 'astronomy radio', 'shock waves', 'radiation', 'acceleration', '-', '-']	('Toalá, J. A.', 86)	
2022ApJ...933L..24R	['The Common Envelope Origins of the Fast Jet in the Planetary Nebula M 3-38']	['Rechy-García, J. S.', 'Toalá, J. A.', 'Guerrero, M. A.', 'Rodríguez-López, C.', 'Sabin, L.', 'Ramos-Larios, G.']	['Instituto de Radioastronomía y Astrofísica, UNAM, Antigua Carretera a Pátzcuaro 8701, Ex-Hda. San José de la Huerta, Morelia 58089, Mich., Mexico', 'Instituto de Radioastronomía y Astrofísica, UNAM, Antigua Carretera a Pátzcuaro 8701, Ex-Hda. San José de la Huerta, Morelia 58089, Mich., Mexico', 'Instituto de Astrofísica de Andalucía, IAA-CSIC, Glorieta de la Astronomía S/N, E-18008 Granada, Spain', 'Instituto de Astrofísica de Andalucía, IAA-CSIC, Glorieta de la Astronomía S/N, E-18008 Granada, Spain', 'Instituto de Astronomía, UNAM, Apdo. Postal 877, Ensenada 22860, B.C., Mexico', 'Instituto de Astronomía y Meteorología, CUCEI, Universidad de Guadalajara, Av. Vallarta 2602, Arcos Vallarta, 44130 Guadalajara, Mexico']	2022	The Astrophysical Journal	933	['L24']	2022-07-00	2022-07-01T00:00:00Z	['ApJL', 'ApJL..933']		0	article		['ARTICLE', 'DATA', 'EPRINT_OPENACCESS', 'ESOURCE', 'OPENACCESS', 'PUB_OPENACCESS', 'REFEREED']	['planets and satellites', '-', 'stars winds outflows', 'stars low mass brown dwarfs', '-', '-', '-', '-', '-', '-']	('Toalá, J. A.', 86)	
2022MNRAS.513.3317Z	['3D mapping of the Wolf-Rayet nebula M 1-67: clues for post-common envelope evolution in massive stars']	['Zavala, S.', 'Toalá, J. A.', 'Santamaría, E.', 'Ramos-Larios, G.', 'Sabin, L.', 'Quino-Mendoza, J. A.', 'Rubio, G.', 'Guerrero, M. A.']	['Tecnológico Nacional de México / I. T. Ensenada, Depto. de Ingeniería Eléctrica y Electrónica, C. P. 22780 Ensenada, B.C., Mexico', 'Instituto de Radioastronomía y Astrofísica (IRyA), UNAM Campus Morelia, Apartado postal 3-72, 58090 Morelia, Michoacán, Mexico', 'CUCEI, Universidad de Guadalajara, Blvd. Marcelino García Barragán 1421, 44430, Guadalajara, Jalisco, Mexico; Instituto de Astronomía y Meteorología, Depto. de Física, CUCEI, Av. Vallarta 2602, 44130, Guadalajara, Jalisco, Mexico', 'CUCEI, Universidad de Guadalajara, Blvd. Marcelino García Barragán 1421, 44430, Guadalajara, Jalisco, Mexico; Instituto de Astronomía y Meteorología, Depto. de Física, CUCEI, Av. Vallarta 2602, 44130, Guadalajara, Jalisco, Mexico', 'Instituto de Astronomía, Universidad Nacional Autónoma de México, Apdo. Postal 877, C.P. 22860, Ensenada, B.C., Mexico', 'CUCEI, Universidad de Guadalajara, Blvd. Marcelino García Barragán 1421, 44430, Guadalajara, Jalisco, Mexico; Instituto de Astronomía y Meteorología, Depto. de Física, CUCEI, Av. Vallarta 2602, 44130, Guadalajara, Jalisco, Mexico', 'CUCEI, Universidad de Guadalajara, Blvd. Marcelino García Barragán 1421, 44430, Guadalajara, Jalisco, Mexico; Instituto de Astronomía y Meteorología, Depto. de Física, CUCEI, Av. Vallarta 2602, 44130, Guadalajara, Jalisco, Mexico', 'Instituto de Astrofísica de Andalucía, IAA-CSIC, Glorieta de la Astronomía s/n, E-18008, Granada, Spain']	2022	Monthly Notices of the Royal Astronomical Society	513	['3317']	2022-07-00	2022-07-01T00:00:00Z	['MNRAS', 'MNRAS.513']	['2022ApJ...934L...8J']	1	article		['ARTICLE', 'DATA', 'EPRINT_OPENACCESS', 'ESOURCE', 'OPENACCESS', 'REFEREED']	['stars circumstellar matter', '-', '-', '-', 'stars luminosity function;mass function', '-', '-']	('Toalá, J. A.', 86)	
2022MNRAS.513.2862R	['Rings and arcs around evolved stars - III. Physical conditions of the ring-like structures in the planetary nebula IC 4406 revealed by MUSE']	['Ramos-Larios, G.', 'Toalá, J. A.', 'Rodríguez-González, J. B.', 'Guerrero, M. A.', 'Gómez-González, V. M. A.']	['Instituto de Astronomía y Meteorología, Departamento de Física. CUCEI, Univ. de Guadalajara, Av. Vallarta 2602, Arcos Vallarta, 44130 Guadalajara, Mexico', 'Instituto de Radioastronomía y Astrofísica (IRyA), UNAM Campus Morelia, Apartado postal 3-72, 58090 Morelia, Michoacán, Mexico', 'Instituto de Radioastronomía y Astrofísica (IRyA), UNAM Campus Morelia, Apartado postal 3-72, 58090 Morelia, Michoacán, Mexico', 'Instituto de Astrofísica de Andalucía, IAA-CSIC, Glorieta de la Astronomía S/N, E-18008 Granada, Spain', 'Instituto de Radioastronomía y Astrofísica (IRyA), UNAM Campus Morelia, Apartado postal 3-72, 58090 Morelia, Michoacán, Mexico; Institute for Physics and Astronomy, Universität Potsdam, Karl-Liebknecht-Str. 24/25, D-14476 Potsdam, Germany']	2022	Monthly Notices of the Royal Astronomical Society	513	['2862']	2022-06-00	2022-06-01T00:00:00Z	['MNRAS', 'MNRAS.513']		0	article		['ARTICLE', 'DATA', 'EPRINT_OPENACCESS', 'ESOURCE', 'OPENACCESS', 'REFEREED']	['-', 'stars winds outflows', 'hydrodynamics', 'planets and satellites', 'planets and satellites', '-', '-']	('Toalá, J. A.', 86)	
2022MNRAS.512.4003M	['Chemistry and physical properties of the born-again planetary nebula HuBi 1']	['Montoro-Molina, B.', 'Guerrero, M. A.', 'Pérez-Díaz, B.', 'Toalá, J. A.', 'Cazzoli, S.', 'Miller Bertolami, M. M.', 'Morisset, C.']	['Instituto de Astrofísica de Andalucía, IAA-CSIC, Glorieta de la Astronomía S/N, E- Granada, Spain', 'Instituto de Astrofísica de Andalucía, IAA-CSIC, Glorieta de la Astronomía S/N, E- Granada, Spain', 'Instituto de Astrofísica de Andalucía, IAA-CSIC, Glorieta de la Astronomía S/N, E- Granada, Spain', 'Instituto de Radioastronomía y Astrofísica, UNAM Campus Morelia, Apartado Postal 3-72, 58090 Morelia, Michoacán, Mexico', 'Instituto de Astrofísica de Andalucía, IAA-CSIC, Glorieta de la Astronomía S/N, E- Granada, Spain', 'Instituto de Astrofísica de La Plata, UNLP-CONICET, B1900FWA La Plata, Argentina; Facultad de Ciencias Astronómicas y Geofísicas, UNLP, B1900 La Plata, Argentina', 'Instituto de Astronomía, Universidad Nacional Autónoma de México, Ensenada, 22860 BC, Mexico']	2022	Monthly Notices of the Royal Astronomical Society	512	['4003']	2022-05-00	2022-05-01T00:00:00Z	['MNRAS', 'MNRAS.512']	['2022ApJ...933L..24R', '2022ApJ...934...18M', '2022MNRAS.514.4794R', '2022MNRAS.tmp.2548M', '2022RAA....22i5009S']	5	article	['-', '-', '-', '-', '-', '-', '0000-0001-5801-6724']	['ARTICLE', 'DATA', 'EPRINT_OPENACCESS', 'ESOURCE', 'OPENACCESS', 'REFEREED']	['-', 'stars winds outflows', 'hydrodynamics', 'ism jets and outflows', 'ism planetary nebulae', 'ism planetary nebulae', '-', '-']	('Toalá, J. A.', 86)	('0000-0001-5801-6724', 65)
2022MNRAS.512.2003S	['Spatiokinematic models of five nova remnants: correlations between nova shell axial ratio, expansion velocity, and speed class']	['Santamaría, E.', 'Guerrero, M. A.', 'Zavala, S.', 'Ramos-Larios, G.', 'Toalá, J. A.', 'Sabin, L.']	['Universidad de Guadalajara, CUCEI, Blvd. Marcelino García Barragán 1421, 44430 Guadalajara, Jalisco, Mexico; Instituto de Astronomía y Meteorología, Dpto. de Física, CUCEI, Av. Vallarta 2602, 44130 Guadalajara, Jalisco, Mexico', 'Instituto de Astrofísica de Andalucía, IAA-CSIC, Glorieta de la Astronomía s/n, E-18008 Granada, Spain', 'Tecnológico Nacional de México / I. T. Ensenada, Depto. de Ingeniería Eléctrica y Electrónica, C.P. 22780, Ensenada, B.C., Mexico', 'Universidad de Guadalajara, CUCEI, Blvd. Marcelino García Barragán 1421, 44430 Guadalajara, Jalisco, Mexico; Instituto de Astronomía y Meteorología, Dpto. de Física, CUCEI, Av. Vallarta 2602, 44130 Guadalajara, Jalisco, Mexico', 'Instituto de Radioastronomía y Astrofísica (IRyA), UNAM Campus Morelia, Apartado postal 3-72, 58090 Morelia, Michoacán, Mexico', 'Instituto de Astronomía, Universidad Nacional Autónoma de México, Apdo. Postal 877, C.P. 22860, Ensenada, B.C., Mexico']	2022	Monthly Notices of the Royal Astronomical Society	512	['2003']	2022-05-00	2022-05-01T00:00:00Z	['MNRAS', 'MNRAS.512']	['2022ApJ...932...39N', '2022arXiv220913722S']	2	article		['ARTICLE', 'DATA', 'EPRINT_OPENACCESS', 'ESOURCE', 'OPENACCESS', 'REFEREED']	['-', 'ism evolution', 'stars novae;cataclysmic variables', 'stars novae;cataclysmic variables', 'ism kinematics and dynamics', '-', '-', '-']	('Toalá, J. A.', 86)	
2022ApJ...927L..20T	['An XMM-Newton EPIC X-Ray View of the Symbiotic Star R Aquarii']	['Toalá, Jesús A.', 'Sabin, Laurence', 'Guerrero, Martín A.', 'Ramos-Larios, Gerardo', 'Chu, You-Hua']	['Instituto de Radioastronomía y Astrofísica, UNAM Campus Morelia, Apartado postal 3-72, 58090, Morelia, Michoacán, Mexico', 'Instituto de Astronomía, UNAM, Apdo. Postal 877, Ensenada 22860, B.C., Mexico', 'Instituto de Astrofísica de Andalucía, IAA-CSIC, Glorieta de la Astronomía S/N, E-18008 Granada, Spain', 'Instituto de Astronomía y Meteorología, CUCEI, Univ. de Guadalajara, Av. Vallarta 2602, Arcos Vallarta, 44130 Guadalajara, Mexico', 'Institute of Astronomy and Astrophysics, Academia Sinica (ASIAA), No. 1, Section 4, Roosevelt Road, Taipei 10617, Taiwan']	2022	The Astrophysical Journal	927	['L20']	2022-03-00	2022-03-01T00:00:00Z	['ApJL', 'ApJL..927']		0	article	['-', '-', '-', '-', '0000-0003-3667-574X']	['ARTICLE', 'ASSOCIATED', 'DATA', 'EPRINT_OPENACCESS', 'ESOURCE', 'OPENACCESS', 'PUB_OPENACCESS', 'REFEREED']	['-', '-', 'stars winds outflows', 'astronomy x rays', '-', '-', '-', '-', '-']	('Toalá, Jesús A.', 90)	('0000-0003-3667-574X', 65)
2022ApJ...925L...4T	['First Images of the Molecular Gas around a Born-again Star Revealed by ALMA']	['Tafoya, Daniel', 'Toalá, Jesús A.', 'Unnikrishnan, Ramlal', 'Vlemmings, Wouter H. T.', 'Guerrero, Martín A.', 'Kimeswenger, Stefan', 'van Hoof, Peter A. M.', 'Zapata, Luis A.', 'Treviño-Morales, Sandra P.', 'Rodríguez-González, Janis B.']	['Department of Space, Earth, and Environment, Chalmers University of Technology, Onsala Space Observatory, SE-439 92 Onsala, Sweden', 'Instituto de Radioastronomía y Astrofísica, UNAM Campus Morelia, Apartado postal 3-72, 58090, Morelia, Michoacán, Mexico', 'Department of Space, Earth, and Environment, Chalmers University of Technology, Onsala Space Observatory, SE-439 92 Onsala, Sweden', 'Department of Space, Earth, and Environment, Chalmers University of Technology, Onsala Space Observatory, SE-439 92 Onsala, Sweden', 'Instituto de Astrofísica de Andalucía, IAA-CSIC, Glorieta de la Astronomía S/N, E-18008 Granada, Spain', 'Institut für Astro- und Teilchenphysik, Universität Innsbruck, Technikerstr. 258, 6020 Innsbruck, Austria; Instituto de Astronomía, Universidad Católica del Norte, Av. Angamos 0610, Antofagasta, Chile', 'Royal Observatory of Belgium, Ringlaan 3, B-1180 Brussels, Belgium', 'Instituto de Radioastronomía y Astrofísica, UNAM Campus Morelia, Apartado postal 3-72, 58090, Morelia, Michoacán, Mexico', 'Department of Space, Earth, and Environment, Chalmers University of Technology, Onsala Space Observatory, SE-439 92 Onsala, Sweden', 'Instituto de Radioastronomía y Astrofísica, UNAM Campus Morelia, Apartado postal 3-72, 58090, Morelia, Michoacán, Mexico']	2022	The Astrophysical Journal	925	['L4']	2022-01-00	2022-01-01T00:00:00Z	['ApJL', 'ApJL..925']	['2022ApJ...934...18M', '2022MNRAS.514.4794R']	2	article	['-', '-', '-', '-', '-', '-', '-', '0000-0003-2343-7937', '-', '-']	['ARTICLE', 'DATA', 'EPRINT_OPENACCESS', 'ESOURCE', 'OPENACCESS', 'PUB_OPENACCESS', 'REFEREED']	['-', '-', '-', '-', '-']	('Toalá, Jesús A.', 90)	('0000-0003-2343-7937', 63)
2022MNRAS.509..974G	['Planetary nebulae with Wolf-Rayet-type central stars - III. A detailed view of NGC 6905 and its central star']	['Gómez-González, V. M. A.', 'Rubio, G.', 'Toalá, J. A.', 'Guerrero, M. A.', 'Sabin, L.', 'Todt, H.', 'Gómez-Llanos, V.', 'Ramos-Larios, G.', 'Mayya, Y. D.']	['Instituto de Radioastronomía y Astrofísica, UNAM Campus Morelia, Apartado postal 3-72, 58090 Morelia, Michoacán, Mexico; Institute for Physics and Astronomy, Universität Potsdam, Karl-Liebknecht-Str. 24/25, D-14476 Potsdam, Germany', 'Instituto de Astronomía y Meteorología, CUCEI, Universidad de Guadalajara, Av. Vallarta 2602, Arcos Vallarta, 44130 Guadalajara, Mexico; CUCEI, Universidad de Guadalajara, Blvd. Marcelino García Barragán 1421, 44430, Guadalajara, Jalisco, Mexico', 'Instituto de Radioastronomía y Astrofísica, UNAM Campus Morelia, Apartado postal 3-72, 58090 Morelia, Michoacán, Mexico', 'Instituto de Astrofísica de Andalucía (IAA-CSIC), Glorieta de la Astronomía S/N, E-18008 Granada, Spain', 'Instituto de Astronomía, Universidad Nacional Autónoma de México, Apdo. Postal 106, 22800 Ensenada, B.C., Mexico', 'Institute for Physics and Astronomy, Universität Potsdam, Karl-Liebknecht-Str. 24/25, D-14476 Potsdam, Germany', 'Instituto de Astronomía, Universidad Nacional Autónoma de México, Apdo. Postal 106, 22800 Ensenada, B.C., Mexico', 'Instituto de Astronomía y Meteorología, CUCEI, Universidad de Guadalajara, Av. Vallarta 2602, Arcos Vallarta, 44130 Guadalajara, Mexico; CUCEI, Universidad de Guadalajara, Blvd. Marcelino García Barragán 1421, 44430, Guadalajara, Jalisco, Mexico', 'Instituto Nacional de Astrofísica, Óptica y Electrónica, Luis Enrique Erro 1, Tonantzintla 72840, Puebla, Mexico']	2022	Monthly Notices of the Royal Astronomical Society	509	['974']	2022-01-00	2022-01-01T00:00:00Z	['MNRAS', 'MNRAS.509']	['2022MNRAS.511....1S', '2022MNRAS.tmp.2548M', '2022arXiv220912522Y']	3	article		['ARTICLE', 'DATA', 'EPRINT_OPENACCESS', 'ESOURCE', 'OPENACCESS', 'REFEREED']	['-', '-', 'stars winds outflows', 'hydrodynamics', 'stars wolf rayet', '-', '-', '-']	('Toalá, J. A.', 86)	
2021MNRAS.508.2254R	['Planetary nebulae with Wolf-Rayet-type central stars - II. Dissecting the compact planetary nebula M 2-31 with GTC MEGARA']	['Rechy-García, J. S.', 'Toalá, J. A.', 'Cazzoli, S.', 'Guerrero, M. A.', 'Sabin, L.', 'Gómez-González, V. M. A.', 'Ramos-Larios, G.']	['Instituto de Radioastronomía y Astrofísica, UNAM Campus Morelia, Apartado Postal 3-72, 58090 Morelia, Michoacán, Mexico', 'Instituto de Radioastronomía y Astrofísica, UNAM Campus Morelia, Apartado Postal 3-72, 58090 Morelia, Michoacán, Mexico', 'Instituto de Astrofísica de Andalucía, IAA-CSIC, Glorieta de la Astronomía s/n, E-18008, Granada, Spain', 'Instituto de Astrofísica de Andalucía, IAA-CSIC, Glorieta de la Astronomía s/n, E-18008, Granada, Spain', 'Instituto de Astronomía, Universidad Nacional Autonoma de México, Apartado Postal 877, 22800 Ensenada, B. C., Mexico', 'Instituto de Radioastronomía y Astrofísica, UNAM Campus Morelia, Apartado Postal 3-72, 58090 Morelia, Michoacán, Mexico', 'Instituto de Astronomía y Meteorología, CUCEI, Universidad de Guadalajara, Av. Vallarta 2602, Arcos Vallarta, 44130 Guadalajara, Mexico']	2021	Monthly Notices of the Royal Astronomical Society	508	['2254']	2021-12-00	2021-12-01T00:00:00Z	['MNRAS', 'MNRAS.508']	['2022ApJ...933L..24R', '2022MNRAS.512.4003M']	2	article		['ARTICLE', 'DATA', 'EPRINT_OPENACCESS', 'ESOURCE', 'OPENACCESS', 'REFEREED']	['ism planetary nebulae', 'ism planetary nebulae', '-', 'stars winds outflows', 'hydrodynamics', 'stars wolf rayet', '-']	('Toalá, J. A.', 86)	
2021MNRAS.508.1599S	['First deep images catalogue of extended IPHAS PNe']	['Sabin, L.', 'Guerrero, M. A.', 'Ramos-Larios, G.', 'Boumis, P.', 'Zijlstra, A. A.', 'Awang Iskandar, D. N. F.', 'Barlow, M. J.', 'Toalá, J. A.', 'Parker, Q. A.', 'Corradi, R. M. L.', 'Morris, R. A. H.']	['Instituto de Astronomía, Universidad Nacional Autónoma de México, Apdo. Postal 106, Ensenada, B.C. 22800, Mexico', 'Instituto de Astrofísica de Andalucía (IAA-CSIC), Glorieta de la Astronomía S/N, Granada 18008, Spain', 'Instituto de Astronomía y Meteorología, CUCEI, Universidad de Guadalajara, Av. Vallarta 2602, Arcos Vallarta, Guadalajara 44130, Mexico', 'Institute for Astronomy, Astrophysics, Space Applications and Remote Sensing, National Observatory of Athens, Penteli, Athens 15236, Greece', 'Jodrell Bank Centre for Astrophysics, The University of Manchester, Oxford Road, Manchester M13 9PL, UK; Laboratory for Space Research, University of Hong Kong, Pokfulam Road, Hong Kong', 'Faculty of Computer Science and Information Technology, Universiti Malaysia Sarawak, Sarawak 94300, Malaysia', 'Department of Physics &amp; Astronomy, University College London, Gower St, London WC1E 6BT, UK', 'Instituto de Radioastronomía y Astrofísica, UNAM, Campus Morelia, C.P. 58089, Morelia, Mexico', 'Department of Physics, The University of Hong Kong, Chong Yuet Ming Physics Building Pokfulam Road, Hong Kong', 'GRANTECAN, Cuesta de San José s/n, E-38712, Breña Baja, La Palma, Spain; Instituto de Astrofísica de Canarias, E-38200 La Laguna, Tenerife, Spain', 'School of Physics, Bristol University, Tyndall Avenue, Bristol, BS8 1TL, UK']	2021	Monthly Notices of the Royal Astronomical Society	508	['1599']	2021-12-00	2021-12-01T00:00:00Z	['MNRAS', 'MNRAS.508']	['2022Ap&SS.367...63M', '2022FrASS...9.7904S', '2022MNRAS.514.2434G']	3	article		['ARTICLE', 'DATA', 'EPRINT_OPENACCESS', 'ESOURCE', 'OPENACCESS', 'REFEREED']	['stars luminosity function;mass function', 'stars winds outflows', 'hydrodynamics', 'ism planetary nebulae', '-', '-']	('Toalá, J. A.', 86)	
2021MNRAS.507.3030J	['Dust in RCW 58: Clues to common envelope channel formation?']	['Jiménez-Hernández, P.', 'Arthur, S. J.', 'Toalá, J. A.', 'Marston, A. P.']	['Instituto de Radioastronomía y Astrofísica (IRyA), UNAM Campus Morelia, Apartado postal 3-72, 58090 Morelia, Michoacan, Mexico', 'Instituto de Radioastronomía y Astrofísica (IRyA), UNAM Campus Morelia, Apartado postal 3-72, 58090 Morelia, Michoacan, Mexico', 'Instituto de Radioastronomía y Astrofísica (IRyA), UNAM Campus Morelia, Apartado postal 3-72, 58090 Morelia, Michoacan, Mexico', 'European Space Astronomy Centre, ESA, PO Box 78, E-28691 Villanueva de la Cañada, Madrid, Spain']	2021	Monthly Notices of the Royal Astronomical Society	507	['3030']	2021-10-00	2021-10-01T00:00:00Z	['MNRAS', 'MNRAS.507']	['2022MNRAS.509..974G', '2022MNRAS.513.3317Z']	2	article		['ARTICLE', 'DATA', 'EPRINT_OPENACCESS', 'ESOURCE', 'OPENACCESS', 'REFEREED']	['stars circumstellar matter', '-', '-', 'stars winds outflows', 'hydrodynamics', 'stars wolf rayet', 'dust', 'ism dust extinction', '-', '-']	('Toalá, J. A.', 86)	
2021MNRAS.505.3883T	['Formation and fate of the born-again planetary nebula HuBi 1']	['Toalá, J. A.', 'Lora, V.', 'Montoro-Molina, B.', 'Guerrero, M. A.', 'Esquivel, A.']	['Instituto de Radioastronomía y Astrofísica, UNAM, Campus Morelia, C.P. 58089 Morelia, México;', 'Instituto de Radioastronomía y Astrofísica, UNAM, Campus Morelia, C.P. 58089 Morelia, México', 'Instituto de Astrofísica de Andalucía, IAA-CSIC, Glorieta de la Astronomía S/N, E-18008 Granada, Spain', 'Instituto de Astrofísica de Andalucía, IAA-CSIC, Glorieta de la Astronomía S/N, E-18008 Granada, Spain', 'Instituto de Ciencias Nucleares, UNAM, A. P. 73-543, 04510 Ciudad de México, Mexico']	2021	Monthly Notices of the Royal Astronomical Society	505	['3883']	2021-08-00	2021-08-01T00:00:00Z	['MNRAS', 'MNRAS.505']	['2022ApJ...925L...4T', '2022MNRAS.512.4003M']	2	article	['-', '-', '-', '-', '0000-0001-7222-1492']	['ARTICLE', 'DATA', 'EPRINT_OPENACCESS', 'ESOURCE', 'OPENACCESS', 'REFEREED']	['stars agb and post agb', '-', 'stars low mass brown dwarfs', 'stars luminosity function;mass function', 'ism planetary nebulae', 'ism planetary nebulae', '-', '-']	('Toalá, J. A.', 86)	('0000-0001-7222-1492', 58)
2021MNRAS.503.1543T	['Carbon dust in the evolved born-again planetary nebulae A 30 and A 78']	['Toalá, J. A.', 'Jiménez-Hernández, P.', 'Rodríguez-González, J. B.', 'Estrada-Dorado, S.', 'Guerrero, M. A.', 'Gómez-González, V. M. A.', 'Ramos-Larios, G.', 'García-Hernández, D. A.', 'Todt, H.']	['Instituto de Radioastronomía y Astrofísica, UNAM Campus Morelia, Apartado Postal 3-72, 58090 Morelia, Michoacán, Mexico', 'Instituto de Radioastronomía y Astrofísica, UNAM Campus Morelia, Apartado Postal 3-72, 58090 Morelia, Michoacán, Mexico', 'Instituto de Radioastronomía y Astrofísica, UNAM Campus Morelia, Apartado Postal 3-72, 58090 Morelia, Michoacán, Mexico', 'Instituto de Radioastronomía y Astrofísica, UNAM Campus Morelia, Apartado Postal 3-72, 58090 Morelia, Michoacán, Mexico', 'Instituto de Astrofísica de Andalucía, IAA-CSIC, Glorieta de la Astronomía S/N, E-18008 Granada, Spain', 'Instituto de Radioastronomía y Astrofísica, UNAM Campus Morelia, Apartado Postal 3-72, 58090 Morelia, Michoacán, Mexico', 'CUCEI, Universidad de Guadalajara, Blvd. Marcelino García Barragán 1421, 44430 Guadalajara, Jalisco, Mexico; Departamento de Física, Instituto de Astronomía y Meteorología, CUCEI, Av. Vallarta 2602, 44130 Guadalajara, Jalisco, Mexico', 'Instituto de Astrofísica de Canarias, C/ Via Lactea s/n, E-38200 La Laguna, Spain; Departamento de Astrofísica, Universidad de La Laguna (ULL), E-38206 La Laguna, Tenerife, Spain', 'Institute for Physics and Astronomy, Universität Potsdam, D-14476 Potsdam, Germany']	2021	Monthly Notices of the Royal Astronomical Society	503	['1543']	2021-05-00	2021-05-01T00:00:00Z	['MNRAS', 'MNRAS.503']	['2021ApJS..257...58D', '2021MNRAS.505.3883T', '2022ApJ...925L...4T', '2022ApJ...934...18M', '2022MNRAS.509..974G', '2022MNRAS.509.3163P', '2022MNRAS.512.4003M', '2022MNRAS.514.4794R', '2022MNRAS.515.1557R', '2022RNAAS...6....4S']	10	article		['ARTICLE', 'DATA', 'EPRINT_OPENACCESS', 'ESOURCE', 'OPENACCESS', 'REFEREED']	['-', 'stars winds outflows', 'hydrodynamics', 'ism molecules', 'ism planetary nebulae', 'clusters individual', 'clusters individual', 'astronomy infrared', '-', '-']	('Toalá, J. A.', 86)	
2021ApJ...910..119C	['Hard X-Ray Emission Associated with White Dwarfs. IV. Signs of Accretion from Substellar Companions']	['Chu, You-Hua', 'Toalá, Jesús A.', 'Guerrero, Martín A.', 'Bauer, Florian F.', 'Bilikova, Jana', 'Gruendl, Robert A.']	['Institute of Astronomy and Astrophysics, Academia Sinica (ASIAA), No. 1, Sec. 4, Roosevelt Road, Taipei 10617, Taiwan', 'Instituto de Radioastronomía y Astrofísica (IRyA), UNAM Campus Morelia, Apartado postal 3-72, 58090 Morelia, Michoacan, Mexico', 'Instituto de Astrofísica de Andalucía, IAA-CSIC, c/Camino Bajo de Huétor 50, E-18008 Granada, Spain', 'Instituto de Astrofísica de Andalucía, IAA-CSIC, c/Camino Bajo de Huétor 50, E-18008 Granada, Spain', 'Astronomy Department, University of Illinois, Urbana, IL 61801, USA', 'Astronomy Department, University of Illinois, Urbana, IL 61801, USA']	2021	The Astrophysical Journal	910	['119']	2021-04-00	2021-04-01T00:00:00Z	['ApJ', 'ApJ...910']		0	article	['0000-0003-3667-574X', '-', '-', '-', '-', '-']	['ARTICLE', 'DATA', 'EPRINT_OPENACCESS', 'ESOURCE', 'OPENACCESS', 'PUB_OPENACCESS', 'REFEREED']	['stars white dwarfs', 'astronomy x rays', '-', '-', '-', '-', '-']	('Toalá, Jesús A.', 90)	('0000-0003-3667-574X', 65)
2021MNRAS.502.4658T	['X-ray observations of the nova shell IPHASX J210204.7+471015']	['Toalá, J. A.', 'Rubio, G.', 'Santamaría, E.', 'Guerrero, M. A.', 'Estrada-Dorado, S.', 'Ramos-Larios, G.', 'Sabin, L.']	['Instituto de Radioastronomía y Astrofísica (IRyA), UNAM Campus Morelia, Apartado Postal 3-72, 58090 Morelia, Mexico', 'CUCEI, Universidad de Guadalajara, Blvd. Marcelino García Barragán 1421, 44430 Guadalajara, Jalisco, Mexico; Instituto de Astronomía y Meteorología, Dpto. de Física, CUCEI, Av. Vallarta 2602, 44130 Guadalajara, Jalisco, Mexico', 'CUCEI, Universidad de Guadalajara, Blvd. Marcelino García Barragán 1421, 44430 Guadalajara, Jalisco, Mexico; Instituto de Astronomía y Meteorología, Dpto. de Física, CUCEI, Av. Vallarta 2602, 44130 Guadalajara, Jalisco, Mexico', 'Instituto de Astrofísica de Andalucía, IAA-CSIC, Glorieta de la Astronomía s/n, E-18008 Granada, Spain', 'Instituto de Radioastronomía y Astrofísica (IRyA), UNAM Campus Morelia, Apartado Postal 3-72, 58090 Morelia, Mexico', 'CUCEI, Universidad de Guadalajara, Blvd. Marcelino García Barragán 1421, 44430 Guadalajara, Jalisco, Mexico; Instituto de Astronomía y Meteorología, Dpto. de Física, CUCEI, Av. Vallarta 2602, 44130 Guadalajara, Jalisco, Mexico', 'Instituto de Astronomía, Universidad Nacional Autonoma de México, Apartado Postal 877, 22800 Ensenada, Baja California, Mexico']	2021	Monthly Notices of the Royal Astronomical Society	502	['4658']	2021-04-00	2021-04-01T00:00:00Z	['MNRAS', 'MNRAS.502']	['2022MNRAS.513.2862R']	1	article		['ARTICLE', 'DATA', 'EPRINT_OPENACCESS', 'ESOURCE', 'OPENACCESS', 'REFEREED']	['stars binaries general', '-', 'stars novae;cataclysmic variables', 'stars novae;cataclysmic variables', 'astronomy x rays', 'astronomy x rays', '-', '-', '-']	('Toalá, J. A.', 86)	
2021ApJ...909...44G	['Tomography of the Unique Ongoing Jet in the Planetary Nebula NGC 2392']	['Guerrero, M. A.', 'Cazzoli, S.', 'Rechy-García, J. S.', 'Ramos-Larios, G.', 'Montoro-Molina, B.', 'Gómez-González, V. M. A.', 'Toalá, J. A.', 'Fang, X.']	"['Instituto de Astrofísica de Andalucía, Glorieta de la Astronomía s/n, E-18008, Granada, Spain', 'Instituto de Astrofísica de Andalucía, Glorieta de la Astronomía s/n, E-18008, Granada, Spain', 'Instituto de Radioastronomía y Astrofísica, UNAM Campus Morelia, Apartado postal 3-72, 58090, Morelia, Michoacán, Mexico', 'Instituto de Astronomía y Meteorología, CUCEI, Univ. de Guadalajara, Av. Vallarta 2602, Arcos Vallarta, 44130 Guadalajara, Mexico', 'Instituto de Astrofísica de Andalucía, Glorieta de la Astronomía s/n, E-18008, Granada, Spain', 'Instituto de Radioastronomía y Astrofísica, UNAM Campus Morelia, Apartado postal 3-72, 58090, Morelia, Michoacán, Mexico', 'Instituto de Radioastronomía y Astrofísica, UNAM Campus Morelia, Apartado postal 3-72, 58090, Morelia, Michoacán, Mexico', ""Key Laboratory of Optical Astronomy, National Astronomical Observatories, Chinese Academy of Sciences (NAOC), Beijing, People's Republic of China; Department of Physics &amp; Laboratory for Space Research, Faculty of Science, University of Hong Kong, Hong Kong, People's Republic of China""]"	2021	The Astrophysical Journal	909	['44']	2021-03-00	2021-03-01T00:00:00Z	['ApJ', 'ApJ...909']	['2021ApJ...913...91A', '2021MNRAS.508.2254R', '2022ApJ...933L..24R', '2022FrASS...9.5731L', '2022MNRAS.513.2862R', '2022MNRAS.515.1557R', '2022PASP..134b2001K', '2022arXiv220915081G']	8	article		['ARTICLE', 'DATA', 'EPRINT_OPENACCESS', 'ESOURCE', 'OPENACCESS', 'PUB_OPENACCESS', 'REFEREED']	['-', 'planets and satellites', '-', '-', '-', '-', '-', '-', '-']	('Toalá, J. A.', 86)	
2021MNRAS.501.3582S	['Detailed studies of IPHAS sources - I. The disrupted late bipolar IPHASX J193718.6+202102']	['Sabin, L.', 'Guerrero, M. A.', 'Zavala, S.', 'Toalá, J. A.', 'Ramos-Larios, G.', 'Gómez-Llanos, V.']	['Instituto de Astronomía, Universidad Nacional Autónoma de México, Apdo. Postal 877, 22800 Ensenada, B.C., Mexico', 'Instituto de Astrofísica de Andalucía (IAA-CSIC), Glorieta de la Astronomía S/N, E-18008 Granada, Spain', 'Tecnológico Nacional de México/I. T. Ensenada (TecNM/ITE), Blvd. Tecnológico No. 150, C. P. 22780, Ensenada, B.C., Mexico', 'Instituto de Radioastronomía y Astrofísica (IRyA), UNAM Campus Morelia, Apartado Postal 3-72, 58090 Morelia, Michoacan, Mexico', 'Instituto de Astronomía y Meteorología, Universidad de Guadalajara, Av. Vallarta 2602, Arcos Vallarta, 44130 Guadalajara, Mexico', 'Instituto de Astronomía, Universidad Nacional Autónoma de México, Apdo. Postal 877, 22800 Ensenada, B.C., Mexico']	2021	Monthly Notices of the Royal Astronomical Society	501	['3582']	2021-03-00	2021-03-01T00:00:00Z	['MNRAS', 'MNRAS.501']	['2021MNRAS.501.3594G', '2021MNRAS.508.1599S', '2022FrASS...9.7904S', '2022MNRAS.513.2862R']	4	article		['ARTICLE', 'DATA', 'EPRINT_OPENACCESS', 'ESOURCE', 'OPENACCESS', 'REFEREED']	['ism abundances', 'ism kinematics and dynamics', 'ism planetary nebulae', '-', '-']	('Toalá, J. A.', 86)	
2021MNRAS.501.3605R	['Detailed studies of IPHAS sources - III. The highly extinguished bipolar planetary nebula IPHASX J191104.8+060845']	['Rodríguez-González, J. B.', 'Sabin, L.', 'Toalá, J. A.', 'Zavala, S.', 'Ramos-Larios, G.', 'Guerrero, M. A.', 'Parker, Q. A.', 'Guillén, P. F.', 'Ritter, A.']	['Instituto de Radioastronomía y Astrofísica (IRyA), UNAM Campus Morelia, Apartado postal 3-72, 58090 Morelia, Michoacan, Mexico', 'Instituto de Astronomía, Universidad Nacional Autónoma de México, Apdo. Postal 877, 22800 Ensenada, Baja California, Mexico', 'Instituto de Radioastronomía y Astrofísica (IRyA), UNAM Campus Morelia, Apartado postal 3-72, 58090 Morelia, Michoacan, Mexico', 'Tecnológico Nacional de México/I. T. Ensenada (TecNM/ITE), Blvd. Tecnológico No. 150, C.P. 22780 Ensenada, Baja California, Mexico', 'Instituto de Astronomía y Meteorología, Universidad de Guadalajara, Av. Vallarta 2602, Arcos Vallarta, 44130 Guadalajara, Mexico', 'Instituto de Astrofísica de Andalucía (IAA-CSIC), Glorieta de la Astronomía S/N, E-18008 Granada, Spain', 'Physics Department, CYM Building, The University of Hong Kong, Pokfulam, Hong Kong SAR, China; Laboratory for Space Research, Hong Kong University, Hong Kong, China', 'Instituto de Astronomía, Universidad Nacional Autónoma de Míxico, Observatorio Astronómico Nacional, 22800 Ensenada, Baja California, Mexico', 'Physics Department, CYM Building, The University of Hong Kong, Pokfulam, Hong Kong SAR, China']	2021	Monthly Notices of the Royal Astronomical Society	501	['3605']	2021-03-00	2021-03-01T00:00:00Z	['MNRAS', 'MNRAS.501']	['2021MNRAS.501.3594G', '2021MNRAS.508.1599S', '2022FrASS...9.7904S']	3	article		['ARTICLE', 'DATA', 'EPRINT_OPENACCESS', 'ESOURCE', 'OPENACCESS', 'REFEREED']	['-', 'stars winds outflows', 'hydrodynamics', 'ism planetary nebulae', 'ism planetary nebulae', '-', '-']	('Toalá, J. A.', 86)	
2021MNRAS.500.2076G	['Wolf-Rayet stars in the Antennae unveiled by MUSE']	['Gómez-González, V. M. A.', 'Mayya, Y. D.', 'Toalá, J. A.', 'Arthur, S. J.', 'Zaragoza-Cardiel, J.', 'Guerrero, M. A.']	['Instituto de Radioastronomía y Astrofísica, UNAM Campus Morelia, Apartado postal 3-72, 58090 Morelia, Michoacán, Mexico', 'Instituto Nacional de Astrofísica, Óptica y Electrónica, Luis Enrique Erro 1, Tonantzintla 72840, Puebla, Mexico', 'Instituto de Radioastronomía y Astrofísica, UNAM Campus Morelia, Apartado postal 3-72, 58090 Morelia, Michoacán, Mexico', 'Instituto de Radioastronomía y Astrofísica, UNAM Campus Morelia, Apartado postal 3-72, 58090 Morelia, Michoacán, Mexico', 'Instituto Nacional de Astrofísica, Óptica y Electrónica, Luis Enrique Erro 1, Tonantzintla 72840, Puebla, Mexico; Consejo Nacional de Ciencia y Tecnología, Av. Insurgentes Sur 1582, 03940 Mexico City, Mexico', 'Instituto de Astrofísica de Andalucía (IAA-CSIC), Glorieta de la Astronomía S/N, E-18008 Granada, Spain']	2021	Monthly Notices of the Royal Astronomical Society	500	['2076']	2021-01-00	2021-01-01T00:00:00Z	['MNRAS', 'MNRAS.500']	['2021MNRAS.503.2168P', '2022arXiv220802614S']	2	article		['ARTICLE', 'DATA', 'EPRINT_OPENACCESS', 'ESOURCE', 'OPENACCESS', 'REFEREED']	['-', '-', 'stars wolf rayet', 'galaxies', '-']	('Toalá, J. A.', 86)	
2020ApJ...903L...4R	['Discovery of a Fast-expanding Shell in the Inside-out Born-again Planetary Nebula HuBi 1 through High-dispersion Integral Field Spectroscopy']	['Rechy-García, J. S.', 'Guerrero, M. A.', 'Santamaría, E.', 'Gómez-González, V. M. A.', 'Ramos-Larios, G.', 'Toalá, J. A.', 'Cazzoli, S.', 'Sabin, L.', 'Miranda, L. F.', 'Fang, X.', 'Liu, J.']	"['Instituto de Radioastronomía y Astrofísica (IRyA), UNAM Campus Morelia, Apartado postal 3-72, 58090, Morelia, Michoacán, Mexico', 'Instituto de Astrofísica de Andalucía, IAA-CSIC, Glorieta de la Astronomía s/n, E-18008, Granada, Spain', 'Instituto de Astronomía y Meteorología, CUCEI, Univ. de Guadalajara, Av. Vallarta 2602, Arcos Vallarta, 44130 Guadalajara, Mexico', 'Instituto de Radioastronomía y Astrofísica (IRyA), UNAM Campus Morelia, Apartado postal 3-72, 58090, Morelia, Michoacán, Mexico', 'Instituto de Astronomía y Meteorología, CUCEI, Univ. de Guadalajara, Av. Vallarta 2602, Arcos Vallarta, 44130 Guadalajara, Mexico', 'Instituto de Radioastronomía y Astrofísica (IRyA), UNAM Campus Morelia, Apartado postal 3-72, 58090, Morelia, Michoacán, Mexico', 'Instituto de Astrofísica de Andalucía, IAA-CSIC, Glorieta de la Astronomía s/n, E-18008, Granada, Spain', 'Instituto de Astronomía, UNAM, Apdo. Postal 877, Ensenada 22860, B.C., Mexico', 'Instituto de Astrofísica de Andalucía, IAA-CSIC, Glorieta de la Astronomía s/n, E-18008, Granada, Spain', ""Key Laboratory of Optical Astronomy, National Astronomical Observatories, Chinese Academy of Sciences (NAOC), Beijing, People's Republic of China; Department of Physics &amp; Laboratory for Space Research, Faculty of Science, University of Hong Kong, Hong Kong, People's Republic of China"", ""Key Laboratory of Optical Astronomy, National Astronomical Observatories, Chinese Academy of Sciences (NAOC), Beijing, People's Republic of China; School of Astronomy and Space Sciences, University of Chinese Academy of Sciences (UCAS), Beijing, People's Republic of China; WHU-NAOC Joint Center for Astronomy, Wuhan University, Wuhan, People's Republic of China""]"	2020	The Astrophysical Journal	903	['L4']	2020-11-00	2020-11-01T00:00:00Z	['ApJL', 'ApJL..903']	['2021ApJ...907..104B', '2021MNRAS.503..972P', '2021MNRAS.505.3883T', '2021MNRAS.508.2254R', '2021arXiv210505186M', '2022ApJ...933L..24R', '2022MNRAS.512.4003M', '2022MNRAS.514.4794R', '2022MNRAS.515.1557R']	9	article	['-', '-', '-', '-', '-', '-', '-', '-', '0000-0003-0939-8724', '-', '-']	['ARTICLE', 'DATA', 'EPRINT_OPENACCESS', 'ESOURCE', 'OPENACCESS', 'PUB_OPENACCESS', 'REFEREED']	['planets and satellites', 'gas', '-', 'ism general', '-', '-', '-', '-', '-', '-']	('Toalá, J. A.', 86)	('0000-0003-0939-8724', 65)
2020MNRAS.499..415R	['Unveiling the stellar origin of the Wolf-Rayet nebula NGC 6888 through infrared observations']	['Rubio, G.', 'Toalá, J. A.', 'Jiménez-Hernández, P.', 'Ramos-Larios, G.', 'Guerrero, M. A.', 'Gómez-González, V. M. A.', 'Santamaría, E.', 'Quino-Mendoza, J. A.']	['CUCEI, Universidad de Guadalajara, Blvd. Marcelino García Barragán 1421, 44430 Guadalajara, Mexico; Instituto de Astronomía y Meteorología, Dpto. de Física, CUCEI, Av. Vallarta 2602, 44130 Guadalajara, Mexico', 'Instituto de Radioastronomía y Astrofísica (IRyA), UNAM Campus Morelia, Apartado postal 3-72, 58090 Morelia, Mexico', 'Instituto de Radioastronomía y Astrofísica (IRyA), UNAM Campus Morelia, Apartado postal 3-72, 58090 Morelia, Mexico', 'CUCEI, Universidad de Guadalajara, Blvd. Marcelino García Barragán 1421, 44430 Guadalajara, Mexico; Instituto de Astronomía y Meteorología, Dpto. de Física, CUCEI, Av. Vallarta 2602, 44130 Guadalajara, Mexico', 'Instituto de Astrofísica de Andalucía, IAA-CSIC, Glorieta de la Astronomía s/n, E-18008, Granada, Spain', 'Instituto de Radioastronomía y Astrofísica (IRyA), UNAM Campus Morelia, Apartado postal 3-72, 58090 Morelia, Mexico', 'CUCEI, Universidad de Guadalajara, Blvd. Marcelino García Barragán 1421, 44430 Guadalajara, Mexico; Instituto de Astronomía y Meteorología, Dpto. de Física, CUCEI, Av. Vallarta 2602, 44130 Guadalajara, Mexico', 'CUCEI, Universidad de Guadalajara, Blvd. Marcelino García Barragán 1421, 44430 Guadalajara, Mexico; Instituto de Astronomía y Meteorología, Dpto. de Física, CUCEI, Av. Vallarta 2602, 44130 Guadalajara, Mexico']	2020	Monthly Notices of the Royal Astronomical Society	499	['415']	2020-11-00	2020-11-01T00:00:00Z	['MNRAS', 'MNRAS.499']	['2021MNRAS.503.1543T', '2021MNRAS.507.3030J', '2021MNRAS.507.4697M', '2022MNRAS.509..974G']	4	article		['ARTICLE', 'DATA', 'EPRINT_OPENACCESS', 'ESOURCE', 'OPENACCESS', 'REFEREED']	['-', '-', '-', 'stars winds outflows', 'hydrodynamics', 'stars wolf rayet', 'astronomy infrared', '-', '-']	('Toalá, J. A.', 86)	
2020MNRAS.497.4128J	['Dust in the Wolf-Rayet nebula M 1-67']	['Jiménez-Hernández, P.', 'Arthur, S. J.', 'Toalá, J. A.']	['Instituto de Radioastronomía y Astrofísica (IRyA), UNAM Campus Morelia, Apartado postal 3-72, 58090 Morelia, Michoacan, Mexico', 'Instituto de Radioastronomía y Astrofísica (IRyA), UNAM Campus Morelia, Apartado postal 3-72, 58090 Morelia, Michoacan, Mexico', 'Instituto de Radioastronomía y Astrofísica (IRyA), UNAM Campus Morelia, Apartado postal 3-72, 58090 Morelia, Michoacan, Mexico']	2020	Monthly Notices of the Royal Astronomical Society	497	['4128']	2020-10-00	2020-10-01T00:00:00Z	['MNRAS', 'MNRAS.497']	['2020MNRAS.499..415R', '2021MNRAS.503.1543T', '2021MNRAS.507.3030J', '2022MNRAS.509..974G', '2022MNRAS.513.3317Z']	5	article	['-', '0000-0002-5456-4472', '-']	['ARTICLE', 'DATA', 'EPRINT_OPENACCESS', 'ESOURCE', 'OPENACCESS', 'REFEREED']	['stars circumstellar matter', '-', '-', '-', 'stars luminosity function;mass function', '-', '-']	('Toalá, J. A.', 86)	('0000-0002-5456-4472', 74)
2020ApJ...900L...3R	['A Radio Pinwheel Emanating from WR 147']	['Rodríguez, Luis F.', 'Arthur, Jane', 'Montes, Gabriela', 'Carrasco-González, Carlos', 'Toalá, Jesús A.']	['Instituto de Radioastronomía y Astrofísica, Universidad Nacional Autónoma de México, Apdo. Postal 3-72 (Xangari), 58089 Morelia, Michoacán, México; Mesoamerican Center for Theoretical Physics, Universidad Autónoma de Chiapas, Carretera Emiliano Zapata Km. 4, Real del Bosque (Terán), 29050 Tuxtla Gutiérrez, Chiapas, México', 'Instituto de Radioastronomía y Astrofísica, Universidad Nacional Autónoma de México, Apdo. Postal 3-72 (Xangari), 58089 Morelia, Michoacán, México', 'Unaffiliated', 'Instituto de Radioastronomía y Astrofísica, Universidad Nacional Autónoma de México, Apdo. Postal 3-72 (Xangari), 58089 Morelia, Michoacán, México', 'Instituto de Radioastronomía y Astrofísica, Universidad Nacional Autónoma de México, Apdo. Postal 3-72 (Xangari), 58089 Morelia, Michoacán, México']	2020	The Astrophysical Journal	900	['L3']	2020-09-00	2020-09-01T00:00:00Z	['ApJL', 'ApJL..900']	['2022ApJ...933....5I', '2022MNRAS.509.2532C']	2	article	['-', '-', '-', '-', '-']	['ARTICLE', 'ASSOCIATED', 'DATA', 'EPRINT_OPENACCESS', 'ESOURCE', 'OPENACCESS', 'PUB_OPENACCESS', 'REFEREED']	['stars binaries general', 'stars wolf rayet', 'stars winds outflows', '-', '-', '-', '-', '-']	('Toalá, Jesús A.', 90)	('-', 0)
2020MNRAS.496..959G	['Planetary nebulae with Wolf-Rayet-type central stars - I. The case of the high-excitation NGC 2371']	['Gómez-González, V. M. A.', 'Toalá, J. A.', 'Guerrero, M. A.', 'Todt, H.', 'Sabin, L.', 'Ramos-Larios, G.', 'Mayya, Y. D.']	['Instituto de Radioastronomía y Astrofísica (IRyA), UNAM Campus Morelia, Apartado Postal 3-72, 58090 Morelia, Michoacán, Mexico', 'Instituto de Radioastronomía y Astrofísica (IRyA), UNAM Campus Morelia, Apartado Postal 3-72, 58090 Morelia, Michoacán, Mexico', 'Instituto de Astrofísica de Andalucía (IAA-CSIC), Glorieta de la Astronomía S/N, E-18008 Granada, Spain', 'Institute for Physics and Astronomy, Universität Potsdam, Karl-Liebknecht-Str 24/25, D-14476 Potsdam, Germany', 'Instituto de Astronomía, UNAM, Apdo. Postal 877, Ensenada 22860, B.C., Mexico', 'Instituto de Astronomía y Meteorología, CUCEI, Universidad de Guadalajara, Av. Vallarta 2602, Arcos Vallarta, 44130 Guadalajara, Mexico', 'Instituto Nacional de Astrofísica, Óptica y Electrónica, Luis Enrique Erro 1, Tonantzintla 72840, Puebla, Mexico']	2020	Monthly Notices of the Royal Astronomical Society	496	['959']	2020-07-00	2020-07-01T00:00:00Z	['MNRAS', 'MNRAS.496']	['2021A&A...645A.117C', '2021ApJ...919..121H', '2021MNRAS.508.2254R', '2022MNRAS.509..974G', '2022MNRAS.511....1S']	5	article		['ARTICLE', 'DATA', 'EPRINT_OPENACCESS', 'ESOURCE', 'OPENACCESS', 'REFEREED']	['-', 'ism planetary nebulae', 'stars winds outflows', 'ism planetary nebulae', 'hydrodynamics', '-', '-']	('Toalá, J. A.', 86)	
2020MNRAS.495.4372T	['Extended X-ray emission from the classic nova DQ Her - on the possible presence of a magnetized jet']	['Toalá, J. A.', 'Guerrero, M. A.', 'Santamaría, E.', 'Ramos-Larios, G.', 'Sabin, L.']	['Instituto de Radioastronomía y Astrofísica (IRyA), UNAM Campus Morelia, Apartado Postal 3-72, 58090 Morelia, Michoacan, Mexico', 'Instituto de Astrofísica de Andalucía (IAA-CSIC), Glorieta de la Astronomía, s/n, E-18008 Granada, Spain', 'Instituto de Astronomía y Meteorología, Universidad de Guadalajara, Av. Vallarta 2602, Arcos Vallarta, 44130 Guadalajara, Mexico', 'Instituto de Astronomía y Meteorología, Universidad de Guadalajara, Av. Vallarta 2602, Arcos Vallarta, 44130 Guadalajara, Mexico', 'Instituto de Astronomía, Universidad Nacional Autónoma de México, Apartado Postal 877, 22800 Ensenada, B. C., Mexico']	2020	Monthly Notices of the Royal Astronomical Society	495	['4372']	2020-07-00	2020-07-01T00:00:00Z	['MNRAS', 'MNRAS.495']	['2021MNRAS.502.4658T', '2021MNRAS.503..704M', '2022ApJ...926..100M', '2022ApJ...927L..20T', '2022MNRAS.512.2003S', '2022MNRAS.514.2239S']	6	article		['ARTICLE', 'DATA', 'EPRINT_OPENACCESS', 'ESOURCE', 'OPENACCESS', 'REFEREED']	['stars novae;cataclysmic variables', '-', 'stars novae;cataclysmic variables', 'stars novae;cataclysmic variables', 'astronomy x rays', '-', '-']	('Toalá, J. A.', 86)	
2020MNRAS.495.3041T	['The Bubble Nebula NGC 7635 - testing the wind-blown bubble theory']	['Toalá, J. A.', 'Guerrero, M. A.', 'Todt, H.', 'Sabin, L.', 'Oskinova, L. M.', 'Chu, Y. -H.', 'Ramos-Larios, G.', 'Gómez-González, V. M. A.']	['Instituto de Radioastronomía y Astrofísica, IRyA-UNAM, Apartado postal 3-72, 58090, Morelia, Mich., Mexico', 'Instituto de Astrofísica de Andalucía, IAA-CSIC, Glorieta de la Astronomía s/n, E-18008 Granada, Spain', 'Institut für Physik und Astronomie, Universität Potsdam, Karl-Liebknecht-Str. 24/25, D-14476 Potsdam, Germany', 'Instituto de Astronomía, Universidad Nacional Autónoma de México, Apdo. Postal 877, C.P. 22860, Ensenada, B.C., Mexico', 'Institut für Physik und Astronomie, Universität Potsdam, Karl-Liebknecht-Str. 24/25, D-14476 Potsdam, Germany', 'Institute of Astronomy and Astrophysics, Academia Sinica (ASIAA), 10617 Taipei, Taiwan', 'Instituto de Astronomía y Meteorología, Dpto. de Física, CUCEI, Universidad de Guadalajara, Av. Vallarta 2602, Arcos Vallarta, 44130 Guadalajara, Mexico', 'Instituto de Radioastronomía y Astrofísica, IRyA-UNAM, Apartado postal 3-72, 58090, Morelia, Mich., Mexico']	2020	Monthly Notices of the Royal Astronomical Society	495	['3041']	2020-07-00	2020-07-01T00:00:00Z	['MNRAS', 'MNRAS.495']	['2022A&A...663A..80M', '2022A&A...665A..35G', '2022MNRAS.515.1815P', '2022arXiv220701263S']	4	article	['-', '-', '-', '-', '-', '0000-0003-3667-574X', '-', '-']	['ARTICLE', 'DATA', 'EPRINT_OPENACCESS', 'ESOURCE', 'OPENACCESS', 'REFEREED']	['ism bubbles', 'ism hii regions', 'astronomy x rays', '-', 'astronomy x rays', '-']	('Toalá, J. A.', 86)	('0000-0003-3667-574X', 65)
2020MNRAS.495.2234G	['Rings and arcs around evolved stars - II. The Carbon Star AFGL 3068 and the Planetary Nebulae NGC 6543, NGC 7009, and NGC 7027']	['Guerrero, M. A.', 'Ramos-Larios, G.', 'Toalá, J. A.', 'Balick, B.', 'Sabin, L.']	['Instituto de Astrofísica de Andalucía (IAA-CSIC), Glorieta de la Astronomía S/N, E-18008 Granada, Spain', 'Instituto de Astronomía y Meteorología, Universidad de Guadalajara, Av. Vallarta 2602, Arcos Vallarta, 44130 Guadalajara, Jalisco, Mexico', 'Instituto de Radioastronomía y Astrofísica (IRyA), UNAM Campus Morelia, Apartado postal 3-72, 58090 Morelia, Michoacan, Mexico', 'Department of Astronomy, University of Washington, Seattle, WA 98195-1580, USA', 'Instituto de Astronomía, Universidad Nacional Autónoma de México, Apdo. Postal 877, 22860 Ensenada, Baja California, Mexico']	2020	Monthly Notices of the Royal Astronomical Society	495	['2234']	2020-06-00	2020-06-01T00:00:00Z	['MNRAS', 'MNRAS.495']	['2020ApJ...903L...4R', '2021ApJ...914...35K', '2022MNRAS.509..974G', '2022MNRAS.513.2862R', '2022MNRAS.513.4405A', '2022MNRAS.515.1557R', '2022MNRAS.tmp.2548M', '2022PASP..134b2001K']	8	article		['ARTICLE', 'DATA', 'EPRINT_OPENACCESS', 'ESOURCE', 'OPENACCESS', 'REFEREED']	['-', 'stars winds outflows', 'hydrodynamics', 'ism planetary nebulae', 'ism planetary nebulae', 'ism planetary nebulae', 'ism planetary nebulae', '-', '-']	('Toalá, J. A.', 86)	
2020MNRAS.494.3784T	['Chandra observations of the planetary nebula IC 4593']	['Toalá, J. A.', 'Guerrero, M. A.', 'Bianchi, L.', 'Chu, Y. -H.', 'De Marco, O.']	['Instituto de Radioastronomía y Astrofísica (IRyA), UNAM Campus Morelia, Apartado postal 3-72, 58090 Morelia, Michoacan, Mexico', 'Instituto de Astrofísica de Andalucía (IAA-CSIC), Glorieta de la Astronomía S/N, E-18008 Granada, Spain', 'Department of Physics and Astronomy, The Johns Hopkins University, Baltimore, MD, USA', 'Institute of Astronomy and Astrophysics, Academia Sinica (ASIAA), Taipei 10617, Taiwan, Republic of China', 'Astronomy, Astrophysics and Astrophotonics Research Centre, Macquarie University, Sydney, NSW 2109, Australia']	2020	Monthly Notices of the Royal Astronomical Society	494	['3784']	2020-05-00	2020-05-01T00:00:00Z	['MNRAS', 'MNRAS.494']	['2022MNRAS.509..974G']	1	article	['-', '-', '-', '0000-0003-3667-574X', '-']	['ARTICLE', 'DATA', 'EPRINT_OPENACCESS', 'ESOURCE', 'OPENACCESS', 'REFEREED']	['stars low mass brown dwarfs', 'stars winds outflows', 'hydrodynamics', 'ism planetary nebulae', 'ism planetary nebulae', 'astronomy x rays', '-', '-']	('Toalá, J. A.', 86)	('0000-0003-3667-574X', 65)
2020MNRAS.493.3879G	['Wolf-Rayet stars in M 81 using GTC/OSIRIS: seven new detections, analysis, and classification of the full sample']	['Gómez-González, V. M. A.', 'Mayya, Y. D.', 'Rosa-González, D.', 'Rodríguez-Merino, L. H.', 'Toalá, J. A.', 'Alvarez, C.']	['Instituto Nacional de Astrofísica, Óptica y Electrónica, Luis Enrique Erro 1, Tonantzintla 72840, Puebla, Mexico; Universidad Autónoma de Chiapas, Blvd. Belisario Domínguez, Km. 1081, Terán Tuxtla Gutiérrez 29050, Chiapas, Mexico; Instituto de Radioastrononomía y Astrofísica, UNAM Campus Morelia, Apartado postal 3-72, 58090 Morelia, Michoacan, Mexico', 'Instituto Nacional de Astrofísica, Óptica y Electrónica, Luis Enrique Erro 1, Tonantzintla 72840, Puebla, Mexico', 'Instituto Nacional de Astrofísica, Óptica y Electrónica, Luis Enrique Erro 1, Tonantzintla 72840, Puebla, Mexico', 'Instituto Nacional de Astrofísica, Óptica y Electrónica, Luis Enrique Erro 1, Tonantzintla 72840, Puebla, Mexico', 'Instituto de Radioastrononomía y Astrofísica, UNAM Campus Morelia, Apartado postal 3-72, 58090 Morelia, Michoacan, Mexico', 'Universidad Autónoma de Chiapas, Blvd. Belisario Domínguez, Km. 1081, Terán Tuxtla Gutiérrez 29050, Chiapas, Mexico']	2020	Monthly Notices of the Royal Astronomical Society	493	['3879']	2020-04-00	2020-04-01T00:00:00Z	['MNRAS', 'MNRAS.493']	['2020MNRAS.496..959G', '2020MNRAS.498.1496M', '2021MNRAS.500.2076G', '2022ApJ...925...76A', '2022MNRAS.509..974G', '2022MNRAS.511....1S']	6	article		['ARTICLE', 'DATA', 'EPRINT_OPENACCESS', 'ESOURCE', 'OPENACCESS', 'REFEREED']	['-', '-', 'stars wolf rayet', 'galaxies', '-', '-']	('Toalá, J. A.', 86)	
2020ApJ...892...60S	['Angular Expansion of Nova Shells']	['Santamaría, E.', 'Guerrero, M. A.', 'Ramos-Larios, G.', 'Toalá, J. A.', 'Sabin, L.', 'Rubio, G.', 'Quino-Mendoza, J. A.']	['CUCEI, Universidad de Guadalajara, Blvd. Marcelino García Barragán 1421, 44430, Guadalajara, Jalisco, Mexico; Instituto de Astronomía y Meteorología, Dpto. de Física, CUCEI, Av. Vallarta 2602, 44130, Guadalajara, Jalisco, Mexico; ;', 'Instituto de Astrofísica de Andalucía, IAA-CSIC, Glorieta de la Astronomía s/n, E-18008, Granada, Spain; ;', 'CUCEI, Universidad de Guadalajara, Blvd. Marcelino García Barragán 1421, 44430, Guadalajara, Jalisco, Mexico; Instituto de Astronomía y Meteorología, Dpto. de Física, CUCEI, Av. Vallarta 2602, 44130, Guadalajara, Jalisco, Mexico;', 'Instituto de Radioastronomía y Astrofísica (IRyA), UNAM Campus Morelia, Apartado postal 3-72, 58090 Morelia, Michoacán, Mexico;', 'Instituto de Astronomía, Universidad Nacional Autónoma de México, Apdo. Postal 877, C.P. 22860, Ensenada, B.C., Mexico;', 'CUCEI, Universidad de Guadalajara, Blvd. Marcelino García Barragán 1421, 44430, Guadalajara, Jalisco, Mexico; Instituto de Astronomía y Meteorología, Dpto. de Física, CUCEI, Av. Vallarta 2602, 44130, Guadalajara, Jalisco, Mexico;', 'CUCEI, Universidad de Guadalajara, Blvd. Marcelino García Barragán 1421, 44430, Guadalajara, Jalisco, Mexico; Instituto de Astronomía y Meteorología, Dpto. de Física, CUCEI, Av. Vallarta 2602, 44130, Guadalajara, Jalisco, Mexico;']	2020	The Astrophysical Journal	892	['60']	2020-03-00	2020-03-01T00:00:00Z	['ApJ', 'ApJ...892']	['2020A&A...641A.122T', '2020A&ARv..28....3D', '2020MNRAS.495.4372T', '2020MNRAS.499.2959H', '2021MNRAS.502.4658T', '2021MNRAS.503..704M', '2022ApJ...932...39N', '2022MNRAS.512.2003S', '2022MNRAS.512.4003M', '2022arXiv220913722S']	10	article		['ARTICLE', 'DATA', 'EPRINT_OPENACCESS', 'ESOURCE', 'OPENACCESS', 'PUB_OPENACCESS', 'REFEREED']	['-', 'ism general', 'techniques miscellaneous', '-', '-', '-', '-']	('Toalá, J. A.', 86)	
2020AJ....159...62C	['ALMA Observations of the Extraordinary Carina Pillars: HH 901/902']	['Cortes-Rangel, Geovanni', 'Zapata, Luis A.', 'Toalá, Jesús A.', 'Ho, Paul T. P.', 'Takahashi, Satoko', 'Mesa-Delgado, Adal', 'Masqué, Josep M.']	"['Instituto de Radioastronomía y Astrofísica, Universidad Nacional Autónoma de México, P.O. Box 3–72, 58090, Morelia, Michoacán, México', 'Instituto de Radioastronomía y Astrofísica, Universidad Nacional Autónoma de México, P.O. Box 3–72, 58090, Morelia, Michoacán, México;', 'Instituto de Radioastronomía y Astrofísica, Universidad Nacional Autónoma de México, P.O. Box 3–72, 58090, Morelia, Michoacán, México;', ""Academia Sinica Institute of Astronomy and Astrophysics, P.O. Box 23-141, Taipei, 10617, Taiwan. East Asian Observatory, 666 N. A'ohoku Place, Hilo, Hawaii 96720, USA"", 'Joint ALMA Observatory, Alonso de Cordova 3108, Vitacura, Santiago, Chile. NAOJ Chile Observatory, Alonso de Cordova 3108, Vitacura, Santiago, Chile. Department of Astronomical Science, School of Physical Sciences, SOKENDAI (The Graduate University for Advanced Studies), Mitaka, Tokyo 181-8588, Japan;', 'Instituto de Astrofísica, Facultad de Física, Pontificia Universidad Católica de Chile, Av. Vicuña Mackenna 4860, 782-0436 Macul, Santiago, Chile;', 'Departamento de Astronomía, Universidad de Guanajuato, Apdo. Postal 144, 36000 Guanajuato, MÉxico']"	2020	The Astronomical Journal	159	['62']	2020-02-00	2020-02-01T00:00:00Z	['AJ', 'AJ....159']	['2020MNRAS.493.4643M', '2021MNRAS.500.1721M', '2022ApJ...935...76Z', '2022MNRAS.510.2552R', '2022arXiv221001101R']	5	article	['-', '0000-0003-2343-7937', '-', '0000-0002-3412-4306', '-', '-', '-']	['ARTICLE', 'DATA', 'EPRINT_OPENACCESS', 'ESOURCE', 'OPENACCESS', 'PUB_OPENACCESS', 'REFEREED']	['-', 'ism molecules', '-', '-', '-', '-', '-', '-', '-', '-']	('Toalá, Jesús A.', 90)	('0000-0002-3412-4306', 75)
2020MNRAS.492.1957R	['Kinematical investigation of possible fast collimated outflows in twelve planetary nebulae']	['Rechy-García, J. S.', 'Guerrero, M. A.', 'Duarte Puertas, S.', 'Chu, Y. -H.', 'Toalá, J. A.', 'Miranda, L. F.']	['Instituto de Astrofísica de Andalucía, IAA-CSIC, Glorieta de la Astronomía s/n, 18008 Granada, Spain', 'Instituto de Astrofísica de Andalucía, IAA-CSIC, Glorieta de la Astronomía s/n, 18008 Granada, Spain', 'Instituto de Astrofísica de Andalucía, IAA-CSIC, Glorieta de la Astronomía s/n, 18008 Granada, Spain', 'Institute of Astronomy and Astrophysics, Academia Sinica (ASIAA), Taipei 10617, Taiwan, Republic of China', 'Instituto de Radioastronomía y Astrofísica (IRyA), UNAM Campus Morelia, Apartado postal 3-72, 58090 Morelia, Michoacan, Mexico', 'Instituto de Astrofísica de Andalucía, IAA-CSIC, Glorieta de la Astronomía s/n, 18008 Granada, Spain']	2020	Monthly Notices of the Royal Astronomical Society	492	['1957']	2020-02-00	2020-02-01T00:00:00Z	['MNRAS', 'MNRAS.492']	['2020Galax...8...26S', '2021ApJ...913...91A', '2021MNRAS.502.1070H', '2021MNRAS.505.4791S', '2022ApJ...933L..24R', '2022ApJ...936..168B', '2022MNRAS.509.2836S', '2022arXiv220913573S']	8	article	['-', '-', '-', '0000-0003-3667-574X', '-', '0000-0003-0939-8724']	['ARTICLE', 'DATA', 'EPRINT_OPENACCESS', 'ESOURCE', 'OPENACCESS', 'REFEREED']	['ism jets and outflows', 'ism planetary nebulae', '-', '-']	('Toalá, J. A.', 86)	('0000-0003-3667-574X', 65)
2019ApJ...886...30T	['A Carbon-rich Hot Bubble in the Planetary Nebula NGC 5189']	['Toalá, Jesús A.', 'Montez, Rodolfo, Jr.', 'Karovska, Margarita']	['Instituto de Radioastronomía y Astrofísica, UNAM Campus Morelia, Apartado Postal 3-72, Morelia 58090, Michoacán, Mexico', 'Center for Astrophysics ∣ Harvard &amp; Smithsonian, 60 Garden Street, Cambridge, MA 02138, USA', 'Center for Astrophysics ∣ Harvard &amp; Smithsonian, 60 Garden Street, Cambridge, MA 02138, USA']	2019	The Astrophysical Journal	886	['30']	2019-11-00	2019-11-01T00:00:00Z	['ApJ', 'ApJ...886']	['2020Galax...8...24G']	1	article		['ARTICLE', 'DATA', 'EPRINT_OPENACCESS', 'ESOURCE', 'OPENACCESS', 'PUB_OPENACCESS', 'REFEREED']	['planets and satellites', '-', 'stars winds outflows', '-', 'astronomy x rays', '-', '-', '-', '-', '-', '-', '-']	('Toalá, Jesús A.', 90)	
2019ApJ...885..116R	['Dissecting the Hot Bubbles in LMC-N57 with XMM-Newton']	['Ramírez-Ballinas, Isidro', 'Reyes-Iturbide, Jorge', 'Toalá, Jesús A.', 'Rosado, Margarita']	['Instituto de Astronomía, Universidad Nacional Autonóma de México, Apdo. Postal 70-264, 04510 Mexico City, Mexico', 'División de Mecánica, Tecnológico de Estudios Superiores de Tianguistenco, Carretera Tenango La Marquesa Km 22, Santiago Tianguistenco, Estado de México, Mexico ; Instituto de Ciencias Nucleares, Universidad Nacional Autónoma de México, Apdo. Postal 70-543, 04510, Mexico City, Mexico', 'Instituto de Radioastronomía y Astrofísica, UNAM Campus Morelia, Apartado postal 3-72, 58090 Morelia, Michoacán, Mexico', 'Instituto de Astronomía, Universidad Nacional Autonóma de México, Apdo. Postal 70-264, 04510 Mexico City, Mexico']	2019	The Astrophysical Journal	885	['116']	2019-11-00	2019-11-01T00:00:00Z	['ApJ', 'ApJ...885']	['2020MNRAS.495.3041T', '2021AJ....161...57G', '2022AJ....163...30L', '2022MNRAS.511.3420S']	4	article		['ARTICLE', 'DATA', 'EPRINT_OPENACCESS', 'ESOURCE', 'OPENACCESS', 'PUB_OPENACCESS', 'REFEREED']	['-', '-', 'astronomy x rays', '-', '-', '-', '-', '-']	('Toalá, Jesús A.', 90)	
2019MNRAS.489.3218D	['The nearby evolved stars survey - I. JCMT/SCUBA-2 submillimetre detection of the detached shell of U Antliae']	['Dharmawardena, Thavisha E.', 'Kemper, Francisca', 'Srinivasan, Sundar', 'Scicluna, Peter', 'Marshall, Jonathan P.', 'Wouterloot, Jan G. A.', 'Greaves, Jane', 'Goldman, Steven R.', 'van Loon, Jacco Th', 'Matsuura, Mikako', 'McDonald, Iain', 'He, Jinhua', 'Zijlstra, Albert A.', 'Toalá, Jesús A.', 'Wallström, Sofia H. J.', 'Kim, Hyosun', 'Trejo, Alfonso', 'Ventura, Paolo', 'Lagadec, Eric', 'Boyer, Martha L.', 'Liu, Tie', 'Rau, Gioia', 'Izumiura, Hideyuki', 'Cami, Jan', 'Holland, Wayne', 'Jones, Olivia', 'Shinnaga, Hiroko']	"['Academia Sinica Institute of Astronomy and Astrophysics, 11F of AS/NTU Astronomy-Mathematics Building, No.1, Section 4, Roosevelt Rd, Taipei 10617, Taiwan; Graduate Institute of Astronomy, National Central University, 300 Zhongda Road, Zhongli 32001, Taoyuan, Taiwan', 'Academia Sinica Institute of Astronomy and Astrophysics, 11F of AS/NTU Astronomy-Mathematics Building, No.1, Section 4, Roosevelt Rd, Taipei 10617, Taiwan; European Southern Observatory, Karl-Schwarzschild-Str. 2, D-85748 Garching bei München, Germany', 'Academia Sinica Institute of Astronomy and Astrophysics, 11F of AS/NTU Astronomy-Mathematics Building, No.1, Section 4, Roosevelt Rd, Taipei 10617, Taiwan; Instituto de Radioastronomía y Astrofísica, Universidad Nacional Autónoma de México, Antigua Carretera a Pátzcuaro # 8701, Ex-Hda. San José de la Huerta, Morelia, Michoacán, México C.P. 58089, México', 'Academia Sinica Institute of Astronomy and Astrophysics, 11F of AS/NTU Astronomy-Mathematics Building, No.1, Section 4, Roosevelt Rd, Taipei 10617, Taiwan', 'Academia Sinica Institute of Astronomy and Astrophysics, 11F of AS/NTU Astronomy-Mathematics Building, No.1, Section 4, Roosevelt Rd, Taipei 10617, Taiwan', ""East Asian Observatory, 660 N A'ohoku Place, Hilo, HI 96720, USA"", 'School of Physics and Astronomy, Cardiff University, 4 The Parade, Cardiff CF24 3AA, UK', 'STScI, 3700 San Martin Drive, Baltimore, MD 21218, USA', 'Lennard-Jones Laboratories, Keele University, Keele, Staffordshire ST5 5BG, UK', 'School of Physics and Astronomy, Cardiff University, 4 The Parade, Cardiff CF24 3AA, UK', 'Jodrell Bank Centre for Astrophysics, Alan Turing Building, University of Manchester, Manchester M13 9PL, UK', 'Key Laboratory for the Structure and Evolution of Celestial Objects, Yunnan Observatories, Chinese Academy of Sciences, 396 Yangfangwang, Guandu District, Kunming 650216, P. R. China; Chinese Academy of Sciences South America Center for Astronomy, China-Chile Joint Center for Astronomy, Camino El Observatorio 1515, Las Condes, Santiago, Chile; Departamento de Astronomía, Universidad de Chile, Casilla 36-D, Santiago, Chile', 'Jodrell Bank Centre for Astrophysics, Alan Turing Building, University of Manchester, Manchester M13 9PL, UK; Laboratory for Space Research, University of Hong Kong, Pokfulam Road, Hong Kong', 'Instituto de Radioastronomía y Astrofísica, Universidad Nacional Autónoma de México, Antigua Carretera a Pátzcuaro # 8701, Ex-Hda. San José de la Huerta, Morelia, Michoacán, México C.P. 58089, México', 'Academia Sinica Institute of Astronomy and Astrophysics, 11F of AS/NTU Astronomy-Mathematics Building, No.1, Section 4, Roosevelt Rd, Taipei 10617, Taiwan; Institute of Astronomy, KU Leuven, Celestijnenlaan 200D bus 2401, B-3001 Leuven, Belgium', 'Korea Astronomy and Space Science Institute, 776, Daedukdae-ro, Yuseong-gu, Daejeon 34055, Republic of Korea', 'Academia Sinica Institute of Astronomy and Astrophysics, 11F of AS/NTU Astronomy-Mathematics Building, No.1, Section 4, Roosevelt Rd, Taipei 10617, Taiwan', 'INAF, Osservatorio Astronomico di Roma, Via Frascati 33, Monte Porzio Catone, I-00077 Roma, Italy', ""Université Côte d'Azur, Observatoire de la Côte d'Azur, CNRS, Lagrange, France"", 'STScI, 3700 San Martin Drive, Baltimore, MD 21218, USA', ""East Asian Observatory, 660 N A'ohoku Place, Hilo, HI 96720, USA; Korea Astronomy and Space Science Institute, 776, Daedukdae-ro, Yuseong-gu, Daejeon 34055, Republic of Korea"", 'NASA/GSFC, Code 667, Goddard Space Flight Center, Greenbelt, MD 20071, USA; CRESST II and Department of Physics, Catholic University of America, Washington, DC 20064, USA', 'Okayama Branch Office, Subaru Telescope, NAOJ, NINS 3037-5 Honjo, Kamogata, Asakuchi, Okayama 719-0232, Japan', 'Department of Physics and Astronomy and Centre for Planetary Science and Exploration (CPSX), The University of Western Ontario, London, ON N6A 3K7, Canada; SETI Institute, 189 Bernardo Ave, Suite 100, Mountain View, CA 94043, USA', 'UK Astronomy Technology Centre, Royal Observatory, Blackford Hill, Edinburgh EH9 3HJ, UK', 'UK Astronomy Technology Centre, Royal Observatory, Blackford Hill, Edinburgh EH9 3HJ, UK', 'Department of Physics and Astronomy, Graduate School of Science and Engineering, Kagoshima University 1-21-35 Korimoto, Kagoshima 890-0065, Japan']"	2019	Monthly Notices of the Royal Astronomical Society	489	['3218']	2019-11-00	2019-11-01T00:00:00Z	['MNRAS', 'MNRAS.489']	['2020ApJ...897L...9D', '2021AJ....162..191M', '2022MNRAS.512.1091S']	3	article	['-', '0000-0003-2743-8240', '0000-0002-2996-305X', '0000-0002-1161-3756', '-', '-', '-', '-', '-', '-', '-', '-', '-', '-', '-', '0000-0001-9639-0354', '0000-0001-8365-6563', '-', '-', '-', '-', '-', '-', '-', '-', '0000-0003-4870-5547', '-']	['ARTICLE', 'DATA', 'EPRINT_OPENACCESS', 'ESOURCE', 'OPENACCESS', 'REFEREED']	['stars agb and post agb', 'stars circumstellar matter', '-', 'stars luminosity function;mass function', '-', '-']	('Toalá, Jesús A.', 90)	('0000-0002-1161-3756', 70)
2019ApJ...884..134G	['Variable Hard X-Ray Emission from the Central Star of the Eskimo Nebula']	['Guerrero, Martín A.', 'Toalá, Jesús A.', 'Chu, You-Hua']	['Instituto de Astrofísica de Andalucía, IAA-CSIC, Glorieta de la Astronomía s/n, E-18008 Granada, Spain', 'Instituto de Radioastronomía y Astrofísica (IRyA), UNAM Campus Morelia, Apartado postal 3-72, 58090 Morelia, Michoacan, Mexico', 'Institute of Astronomy and Astrophysics, Academia Sinica (ASIAA), Taipei 10617, Taiwan, Republic of China']	2019	The Astrophysical Journal	884	['134']	2019-10-00	2019-10-01T00:00:00Z	['ApJ', 'ApJ...884']	['2020Galax...8...24G', '2020MNRAS.494.3784T', '2021ApJ...909...44G']	3	article	['-', '-', '0000-0003-3667-574X']	['ARTICLE', 'DATA', 'EPRINT_OPENACCESS', 'ESOURCE', 'OPENACCESS', 'PUB_OPENACCESS', 'REFEREED']	['planets and satellites', 'planets and satellites', 'astronomy x rays', 'stars winds outflows', '-', '-', '-', '-', '-', '-']	('Toalá, Jesús A.', 90)	('0000-0003-3667-574X', 65)
2019MNRAS.485.3360T	['Hidden IR structures in NGC 40: signpost of an ancient born-again event']	['Toalá, J. A.', 'Ramos-Larios, G.', 'Guerrero, M. A.', 'Todt, H.']	['Instituto de Radioastronomía y Astrofísica (IRyA), UNAM Campus Morelia, Apartado postal 3-72, 58090 Morelia, Michoacan, Mexico', 'Instituto de Astronomía y Meteorología, Depto. de Física, CUCEI, Universidad de Guadalajara, Av. Vallarta 2602, Arcos Vallarta, 44130 Guadalajara, Mexico', 'Instituto de Astrofísica de Andalucía (IAA-CSIC), Glorieta de la Astronomía S/N, E-18008 Granada, Spain', 'Institute for Physics and Astronomy, Universität Potsdam, Karl-Liebknecht-Str. 24/25, D-14476 Potsdam, Germany']	2019	Monthly Notices of the Royal Astronomical Society	485	['3360']	2019-05-00	2019-05-01T00:00:00Z	['MNRAS', 'MNRAS.485']	['2019ApJ...886...30T', '2020A&A...640A..10W', '2020MNRAS.496..959G', '2020MNRAS.499..415R', '2021ApJ...919..121H', '2022MNRAS.515.1557R', '2022arXiv220700547Z']	7	article		['ARTICLE', 'DATA', 'EPRINT_OPENACCESS', 'ESOURCE', 'OPENACCESS', 'PUB_OPENACCESS', 'REFEREED']	['-', '-', 'stars winds outflows', 'hydrodynamics', 'ism molecules', 'ism planetary nebulae', 'astronomy infrared', '-', '-']	('Toalá, J. A.', 86)	
2018ApJ...869L..11T	['On the Apparent Absence of Wolf-Rayet+Neutron Star Systems: The Curious Case of WR124']	['Toalá, J. A.', 'Oskinova, L. M.', 'Hamann, W. -R.', 'Ignace, R.', 'Sander, A. A. C.', 'Shenar, T.', 'Todt, H.', 'Chu, Y. -H.', 'Guerrero, M. A.', 'Hainich, R.', 'Torrejón, J. M.']	['Instituto de Radioastronomía y Astrofísica, UNAM Campus Morelia, Apartado Postal 3-72, Morelia 58090, Michoacán, Mexico', 'Institute for Physics and Astronomy, University of Potsdam, D-14476 Potsdam, Germany ; Kazan Federal University, Kremlevskaya Str 18, 420008, Kazan, Russia;', 'Institute for Physics and Astronomy, University of Potsdam, D-14476 Potsdam, Germany', 'Department of Physics and Astronomy, East Tennesse State University, Johnson City, TN 37611, USA', 'Institute for Physics and Astronomy, University of Potsdam, D-14476 Potsdam, Germany; Armagh Observatory and Planetarium, College Hill, Armagh BT61 9DG, UK', 'Institute for Physics and Astronomy, University of Potsdam, D-14476 Potsdam, Germany', 'Institute for Physics and Astronomy, University of Potsdam, D-14476 Potsdam, Germany', 'Institute of Astronomy and Astrophysics, Academia Sinica (ASIAA), Taipei 10617, Taiwan', 'Instituto de Astronomía de Andalucía, IAA-CSIC, Glorieta de la Astronomía S/N, Granada E-18008, Spain', 'Institute for Physics and Astronomy, University of Potsdam, D-14476 Potsdam, Germany', 'Instituto Universitario de Física Aplicada a las Ciencias y las Tecnologías, Universiad de Alicante, Alicante E-0380, Spain']	2018	The Astrophysical Journal	869	['L11']	2018-12-00	2018-12-01T00:00:00Z	['ApJL', 'ApJL..869']	['2019A&A...625A..57H', '2020A&A...634A..49H', '2020ApJ...900L...3R', '2020MNRAS.495.3041T', '2020MNRAS.496.3906M', '2020MNRAS.497.4128J', '2021MNRAS.501.5350S', '2021MNRAS.502.5340M', '2021MNRAS.507.3030J', '2021MNRAS.507.4697M', '2021RNAAS...5..125S', '2022MNRAS.513.3317Z', '2022MNRAS.514.2269T']	13	article	['-', '-', '-', '-', '0000-0002-2090-9751', '0000-0003-0642-8107', '-', '0000-0003-3667-574X', '-', '-', '-']	['ARTICLE', 'DATA', 'EPRINT_OPENACCESS', 'ESOURCE', 'OPENACCESS', 'PUB_OPENACCESS', 'REFEREED']	['stars circumstellar matter', 'ism jets and outflows', '-', '-', '-', '-', '-']	('Toalá, J. A.', 86)	('0000-0003-0642-8107', 74)
2018ApJ...865L..23F	['HST STIS UV Spectroscopic Observations of the Protoplanetary Nebula Hen3-1475']	['Fang, Xuan', 'Gómez de Castro, Ana I.', 'Toalá, Jesús A.', 'Riera, Angels']	"[""Laboratory for Space Research, Faculty of Science, The University of Hong Kong, Pokfulam Road, Hong Kong, People's Republic of China ; Department of Physics, Faculty of Science, The University of Hong Kong, Pokfulam Road, Hong Kong, People's Republic of China ;;"", 'AEGORA Research Group, Facultad de Ciencias, Universidad Complutense, E-28040, Madrid, Spain', 'Instituto de Radioastronomía y Astrofísica, UNAM Campus Morelia, Apartado postal 3-72, Morelia 58090, Michoacán, Mexico', 'Departament de Física i Enginyeria Nuclear, EUETIB, Universitat Politécnica de Catalunya, E-08036 Barcelona, Spain;']"	2018	The Astrophysical Journal	865	['L23']	2018-10-00	2018-10-01T00:00:00Z	['ApJL', 'ApJL..865']	['2018Galax...6..141F', '2019ApJ...877...30B', '2019MNRAS.489.3710N', '2020ApJ...889...13B', '2020ApJ...893..150G']	5	article		['ARTICLE', 'DATA', 'EPRINT_OPENACCESS', 'ESOURCE', 'OPENACCESS', 'PUB_OPENACCESS', 'REFEREED']	['ism jets and outflows', 'planets and satellites', 'stars agb and post agb', '-']	('Toalá, Jesús A.', 90)	
2017ApJ...846...76T	['Hot Gas in the Wolf-Rayet Nebula NGC 3199']	['Toalá, J. A.', 'Marston, A. P.', 'Guerrero, M. A.', 'Chu, Y. -H.', 'Gruendl, R. A.']	['Institute of Astronomy and Astrophysics, Academia Sinica (ASIAA), Taipei 10617, Taiwan, Republic of China ; Instituto de Radioastronomía y Astrofísica, UNAM Campus Morelia, Apartado postal 3-72, Morelia 58090, Michoacán, Mexico', 'European Space Agency/STScI, 3700 San Martin Drive, Baltimore, MD 21218, USA', 'Instituto de Astrofísica de Andalucía, IAA-CSIC, Glorieta de la Astronomía s/n, Granada E-18008, Spain', 'Institute of Astronomy and Astrophysics, Academia Sinica (ASIAA), Taipei 10617, Taiwan, Republic of China', 'Department of Astronomy, University of Illinois, 1002 West Green Street, Urbana, IL 61801, USA']	2017	The Astrophysical Journal	846	['76']	2017-09-00	2017-09-01T00:00:00Z	['ApJ', 'ApJ...846']	['2018Ap.....61..469Y', '2018ApJ...869L..11T', '2018Galax...6...80T', '2018JPhCS1031a2003A', '2018MNRAS.478.1218T', '2018MNRAS.480.2109D', '2018RMxAA..54..375S', '2019A&A...625A...4G', '2019ApJ...885..116R', '2020A&A...644L...8O', '2020MNRAS.495..417C', '2020MNRAS.495.3041T', '2020MNRAS.499..415R', '2021ApJ...923..187T', '2022MNRAS.515.1815P', '2022arXiv220304693M']	16	article	['-', '0000-0001-5788-5258', '-', '0000-0003-3667-574X', '-']	['ARTICLE', 'DATA', 'EPRINT_OPENACCESS', 'ESOURCE', 'OPENACCESS', 'PUB_OPENACCESS', 'REFEREED']	['ism bubbles', '-', 'astronomy x rays', '-', 'astronomy x rays', '-', '-']	('Toalá, J. A.', 86)	('0000-0003-3667-574X', 65)
2017ApJ...838L..19T	['On the Absence of Non-thermal X-Ray Emission around Runaway O Stars']	['Toalá, J. A.', 'Oskinova, L. M.', 'Ignace, R.']	['Institute of Astronomy and Astrophysics, Academia Sinica (ASIAA), Taipei 10617, Taiwan', 'Institute for Physics and Astronomy, University of Potsdam, D-14476 Potsdam, Germany', 'Department of Physics and Astronomy, East Tennessee State University, Johnson City, TN 37614, USA']	2017	The Astrophysical Journal	838	['L19']	2017-04-00	2017-04-01T00:00:00Z	['ApJL', 'ApJL..838']	['2017MNRAS.471.4452D', '2018A&A...612A..12H', '2018A&A...615A..19M', '2018A&A...617A..13D', '2018ApJ...861...32S', '2018ApJ...864...19D', '2018pas8.conf...94Z', '2019A&A...621A..37P', '2019A&A...625A...4G', '2019AJ....157..176B', '2019ApJ...885..105R', '2019ApJS..244...28T', '2020MNRAS.493.3548M', '2020MNRAS.495.3041T', '2021BAAA...62..246D', '2021MNRAS.503.2514B', '2022A&A...663A..80M', '2022MNRAS.510..515V', '2022MNRAS.512.5374V']	19	article		['ARTICLE', 'DATA', 'EPRINT_OPENACCESS', 'ESOURCE', 'OPENACCESS', 'PUB_OPENACCESS', 'REFEREED']	['-', 'stars luminosity function;mass function', 'stars winds outflows', 'hydrodynamics', 'astronomy x rays', '-']	('Toalá, J. A.', 86)	
2016ApJ...822L..19F	['HST STIS Observations of the Mixing Layer in the Cat’s Eye Nebula']	['Fang, Xuan', 'Guerrero, Martín A.', 'Toalá, Jesús A.', 'Chu, You-Hua', 'Gruendl, Robert A.']	['Instituto de Astrofísica de Andalucía (IAA-CSIC), Glorieta de la Astronomía s/n, E-18008 Granada, Spain ;;', 'Instituto de Astrofísica de Andalucía (IAA-CSIC), Glorieta de la Astronomía s/n, E-18008 Granada, Spain', 'Instituto de Astrofísica de Andalucía (IAA-CSIC), Glorieta de la Astronomía s/n, E-18008 Granada, Spain; Institute of Astronomy and Astrophysics, Academia Sinica (ASIAA), Taipei 10617, Taiwan', 'Institute of Astronomy and Astrophysics, Academia Sinica (ASIAA), Taipei 10617, Taiwan', 'Department of Astronomy, University of Illinois, 1002 West Green Street, Urbana, IL 61801, USA']	2016	The Astrophysical Journal	822	['L19']	2016-05-00	2016-05-01T00:00:00Z	['ApJL', 'ApJL..822']	['2016JPhCS.728c2007C', '2017IAUS..323..114G', '2017hsa9.conf..389G', '2020Galax...8...24G', '2020MNRAS.494.3784T', '2020MNRAS.495.3041T', '2020MNRAS.499..415R', '2021MNRAS.503.1543T']	8	article	['-', '-', '-', '0000-0003-3667-574X', '-']	['ARTICLE', 'DATA', 'EPRINT_OPENACCESS', 'ESOURCE', 'OPENACCESS', 'PUB_OPENACCESS', 'REFEREED']	['planets and satellites', 'planets and satellites', 'stars winds outflows', 'hydrodynamics', 'astronomy x rays', '-', '-']	('Toalá, Jesús A.', 90)	('0000-0003-3667-574X', 65)
